-- phpMyAdmin SQL Dump
-- version 4.6.6deb4
-- https://www.phpmyadmin.net/
--
-- Client :  localhost:3306
-- Généré le :  Jeu 10 Janvier 2019 à 15:05
-- Version du serveur :  5.7.24
-- Version de PHP :  7.2.13-1+0~20181207100540.13+stretch~1.gbpf57305

SET SQL_MODE = "NO_AUTO_VALUE_ON_ZERO";
SET time_zone = "+00:00";


/*!40101 SET @OLD_CHARACTER_SET_CLIENT=@@CHARACTER_SET_CLIENT */;
/*!40101 SET @OLD_CHARACTER_SET_RESULTS=@@CHARACTER_SET_RESULTS */;
/*!40101 SET @OLD_COLLATION_CONNECTION=@@COLLATION_CONNECTION */;
/*!40101 SET NAMES utf8mb4 */;

--
-- Base de données :  `db_hoplites`
--

-- --------------------------------------------------------

--
-- Structure de la table `armes`
--

CREATE TABLE `armes` (
  `id` int(11) NOT NULL,
  `nom` varchar(45) NOT NULL COMMENT 'Arc, lance javelot',
  `type` varchar(45) NOT NULL,
  `munitions` enum('Flèches','Balles en bronze','Balles en pierre','Balles en plomb') DEFAULT NULL,
  `nombre` int(11) NOT NULL,
  `matiere_principale` enum('Bois','Metal','Bois et Métal','Bois et caoutchouc') NOT NULL,
  `accessoire` varchar(45) DEFAULT NULL
) ENGINE=InnoDB DEFAULT CHARSET=utf8;

--
-- Contenu de la table `armes`
--

INSERT INTO `armes` (`id`, `nom`, `type`, `munitions`, `nombre`, `matiere_principale`, `accessoire`) VALUES
(1, 'Epee', 'Corps à corps', NULL, 1, 'Metal', NULL),
(2, 'Lance', 'Corps à corps', NULL, 1, 'Bois et Métal', NULL),
(3, 'Javelot', 'Distant', NULL, 1, 'Bois', NULL),
(4, 'Arc', 'Distant', 'Flèches', 1, 'Bois', 'Carquois'),
(5, 'Fronde', 'Distant', 'Balles en pierre', 1, 'Bois et caoutchouc', NULL),
(6, 'Flute', 'Passif', NULL, 1, 'Bois', 'Museliere en cuir');

-- --------------------------------------------------------

--
-- Structure de la table `armure`
--

CREATE TABLE `armure` (
  `id` int(11) NOT NULL,
  `type` enum('Lourde','Moyenne','Légère') NOT NULL,
  `valeur` enum('Valeur élevée','Valeur moindre','Aucune valeur') NOT NULL,
  `casque_id` int(11) NOT NULL,
  `corp_id` int(11) NOT NULL,
  `jambes_id` int(11) NOT NULL
) ENGINE=InnoDB DEFAULT CHARSET=utf8 COMMENT='Definir le type d’armure';

--
-- Contenu de la table `armure`
--

INSERT INTO `armure` (`id`, `type`, `valeur`, `casque_id`, `corp_id`, `jambes_id`) VALUES
(1, 'Lourde', 'Valeur élevée', 2, 2, 2),
(2, 'Moyenne', 'Valeur moindre', 1, 4, 3),
(3, 'Légère', 'Aucune valeur', 15, 2, 3),
(4, 'Lourde', 'Valeur élevée', 3, 1, 3),
(5, 'Moyenne', 'Valeur moindre', 11, 1, 3),
(6, 'Légère', 'Aucune valeur', 7, 1, 1),
(7, 'Lourde', 'Valeur élevée', 7, 4, 3),
(8, 'Moyenne', 'Valeur moindre', 3, 2, 1),
(9, 'Légère', 'Aucune valeur', 6, 4, 1),
(10, 'Lourde', 'Valeur élevée', 4, 1, 1),
(11, 'Moyenne', 'Valeur moindre', 10, 3, 2),
(12, 'Légère', 'Aucune valeur', 6, 4, 1),
(13, 'Moyenne', 'Valeur élevée', 13, 3, 3);

-- --------------------------------------------------------

--
-- Structure de la table `bataille`
--

CREATE TABLE `bataille` (
  `id_bataille` int(11) NOT NULL,
  `date` varchar(4) DEFAULT NULL,
  `lieu` varchar(70) DEFAULT NULL,
  `type_lieu` varchar(45) DEFAULT NULL,
  `id_campagne` int(11) NOT NULL
) ENGINE=InnoDB DEFAULT CHARSET=utf8;

--
-- Contenu de la table `bataille`
--

INSERT INTO `bataille` (`id_bataille`, `date`, `lieu`, `type_lieu`, `id_campagne`) VALUES
(1, '-499', 'Ionie', 'terre', 1),
(2, '-499', 'Grèce Anatolie mer Égée Chypre', 'terre', 2),
(3, '-499', 'Naxos - île des Cyclades', 'terre', 3),
(4, '-498', 'Sur les côtes de Pamphylie ou de Chypre', 'mer', 4),
(5, '-498', 'Éphèse - Ionie', 'terre', 5),
(6, '-497', 'Fleuve Marsyas - Carie', 'terre', 6),
(7, '-496', 'Pédassos - Carie', 'terre', 7),
(8, '-494', 'Au large de l\'île de Ladé - Ouest de Milet', 'mer', 8),
(9, '-494', 'Près de Tirynthe - Sud d\'Argos', 'terre', 9),
(10, '-490', 'Naxos - île des Cyclades', 'terre', 10),
(11, '-490', 'Erétrie - Cité-État de l’île d\'Eubée', 'terre', 11),
(12, '-490', 'Marathon - Côte Nord-est de l\'Attique', 'terre', 12),
(13, '-480', 'Grèce Anatolie mer Égée Chypre', 'terre', 13),
(14, '-480', 'Côte Nord de l\'Eubée', 'mer', 14),
(15, '-480', 'Thermopyles - Entre le golfe Maliaque et le massif du Kallidromo', 'terre', 15),
(16, '-480', 'Île de Salamine au large du Pirée', 'mer', 16),
(17, '-479', 'Platées - Béotie', 'terre', 17),
(18, '-479', 'Platées - Béotie', 'terre', 18),
(19, '-475', 'Embouchure du Strymonas - Nord-est de la Grèce', 'terre', 19),
(20, '-464', 'Messénie', 'terre', 20),
(21, '-458', 'Île du golfe Saronique', 'mer', 21),
(22, '-457', 'Tanagra près de Thèbes', 'terre', 22),
(23, '-457', 'Cité-État de Béotie', 'terre', 23),
(24, '-454', 'Île du Delta - Égypte', 'terre', 24),
(25, '-450', 'Cité de la côte Sud-est de Chypre', 'terre', 25),
(26, '-449', 'Sanctuaire d Apollon - Delphes', 'terre', 26),
(27, '-447', 'Coronée - Béotie', 'terre', 27),
(28, '-440', 'Samos', 'terre', 28),
(29, '-435', 'Au large de Corfou', 'mer', 29),
(30, '-432', 'Potidée - Chalcidique', 'terre', 30),
(31, '-429', 'Au large de Chalcis - Détroit de l\'Euripe', 'mer', 31),
(32, '-429', 'Au large de Naupacte - Golfe de Corinthe', 'mer', 32),
(33, '-427', 'Mytilène - Lesbos - Au large de l\'Anatolie', 'terre', 33),
(34, '-427', 'Platées - Béotie', 'terre', 34),
(35, '-426', 'Tanagra près de Thèbes', 'terre', 35),
(36, '-426', 'Pylos - Messénie', 'terre', 36),
(37, '-426', 'Idoménée', 'terre', 37),
(38, '-425', 'Pylos - Messénie', 'terre', 38),
(39, '-425', 'Pylos - Messénie', 'terre', 39),
(40, '-424', 'Délion - Béotie', 'terre', 40),
(41, '-417', 'Sud-ouest d\'Argos et d\'Est de Tégée', 'terre', 41),
(42, '-415', 'Mélos - Île des Cyclades', 'terre', 42),
(43, '-415', 'Syracuse - Sicile', 'terre', 43),
(44, '-413', 'Syracuse - Sicile', 'terre', 44),
(45, '-413', 'Décélie - Attique', 'terre', 45),
(46, '-411', 'Île de Symi - île du Dodécanèse', 'mer', 46),
(47, '-411', 'Île de Chios - Ouest de la mer Égée', 'mer', 47),
(48, '-411', 'Érétrie - Eubée', 'mer', 48),
(49, '-411', 'Cynosséma - Chersonèse de Thrace', 'mer', 49),
(50, '-411', 'Cynosséma - Chersonèse de Thrace', 'mer', 50),
(51, '-410', 'Cynosséma - Chersonèse de Thrace', 'mer', 51),
(52, '-407', 'Érétrie - Eubée', 'mer', 52),
(53, '-406', 'Érétrie - Eubée', 'mer', 53),
(54, '-406', 'Cynosséma - Chersonèse de Thrace', 'mer', 54),
(55, '-405', 'Érétrie - Eubée', 'mer', 55),
(56, '-403', 'Pirée - Athènes', 'terre', 56),
(57, '-401', 'Counaxa - 70 km au Nord de Babylone', 'terre', 57);

-- --------------------------------------------------------

--
-- Structure de la table `bataillon`
--

CREATE TABLE `bataillon` (
  `id_bataillon` int(11) NOT NULL,
  `id_bataille` int(11) NOT NULL
) ENGINE=InnoDB DEFAULT CHARSET=utf8;

--
-- Contenu de la table `bataillon`
--

INSERT INTO `bataillon` (`id_bataillon`, `id_bataille`) VALUES
(151, 1),
(219, 1),
(269, 1),
(370, 1),
(384, 1),
(418, 1),
(494, 1),
(591, 1),
(18, 2),
(56, 2),
(119, 2),
(141, 2),
(202, 2),
(299, 2),
(324, 2),
(428, 2),
(531, 2),
(73, 3),
(183, 3),
(210, 3),
(215, 3),
(230, 3),
(300, 3),
(337, 3),
(447, 3),
(462, 3),
(480, 3),
(515, 3),
(555, 3),
(577, 3),
(23, 4),
(59, 4),
(114, 4),
(132, 4),
(245, 4),
(344, 4),
(350, 4),
(401, 4),
(411, 4),
(437, 4),
(472, 4),
(488, 4),
(586, 4),
(127, 5),
(145, 5),
(206, 5),
(208, 5),
(301, 5),
(347, 5),
(383, 5),
(530, 5),
(598, 5),
(7, 6),
(54, 6),
(171, 6),
(249, 6),
(357, 6),
(407, 6),
(425, 6),
(521, 6),
(533, 6),
(583, 6),
(41, 7),
(46, 7),
(143, 7),
(161, 7),
(172, 7),
(222, 7),
(283, 7),
(436, 7),
(475, 7),
(477, 7),
(605, 7),
(60, 8),
(92, 8),
(231, 8),
(277, 8),
(376, 8),
(419, 8),
(458, 8),
(493, 8),
(24, 9),
(154, 9),
(155, 9),
(236, 9),
(315, 9),
(451, 9),
(463, 9),
(499, 9),
(602, 9),
(9, 10),
(126, 10),
(130, 10),
(134, 10),
(193, 10),
(198, 10),
(212, 10),
(311, 10),
(402, 10),
(454, 10),
(540, 10),
(562, 10),
(571, 10),
(584, 10),
(592, 10),
(37, 11),
(65, 11),
(94, 11),
(108, 11),
(165, 11),
(441, 11),
(609, 11),
(15, 12),
(21, 12),
(53, 12),
(70, 12),
(72, 12),
(239, 12),
(335, 12),
(430, 12),
(445, 12),
(474, 12),
(491, 12),
(504, 12),
(564, 12),
(575, 12),
(40, 13),
(44, 13),
(113, 13),
(153, 13),
(190, 13),
(303, 13),
(332, 13),
(362, 13),
(506, 13),
(597, 13),
(36, 14),
(45, 14),
(48, 14),
(216, 14),
(310, 14),
(380, 14),
(424, 14),
(544, 14),
(86, 15),
(91, 15),
(152, 15),
(221, 15),
(338, 15),
(414, 15),
(479, 15),
(546, 15),
(549, 15),
(39, 16),
(250, 16),
(440, 16),
(547, 16),
(588, 16),
(595, 16),
(50, 17),
(88, 17),
(233, 17),
(319, 17),
(330, 17),
(387, 17),
(503, 17),
(526, 17),
(548, 17),
(551, 17),
(90, 18),
(97, 18),
(159, 18),
(243, 18),
(405, 18),
(465, 18),
(481, 18),
(535, 18),
(574, 18),
(590, 18),
(76, 19),
(109, 19),
(156, 19),
(179, 19),
(285, 19),
(323, 19),
(518, 19),
(600, 19),
(11, 20),
(196, 20),
(204, 20),
(223, 20),
(225, 20),
(252, 20),
(321, 20),
(329, 20),
(358, 20),
(393, 20),
(434, 20),
(581, 20),
(16, 21),
(84, 21),
(228, 21),
(234, 21),
(259, 21),
(262, 21),
(276, 21),
(294, 21),
(296, 21),
(429, 21),
(442, 21),
(561, 21),
(599, 21),
(601, 21),
(107, 22),
(135, 22),
(137, 22),
(176, 22),
(288, 22),
(305, 22),
(363, 22),
(374, 22),
(539, 22),
(158, 23),
(227, 23),
(274, 23),
(377, 23),
(566, 23),
(587, 23),
(55, 24),
(74, 24),
(101, 24),
(121, 24),
(129, 24),
(238, 24),
(279, 24),
(295, 24),
(341, 24),
(343, 24),
(469, 24),
(486, 24),
(4, 25),
(5, 25),
(81, 25),
(83, 25),
(160, 25),
(181, 25),
(192, 25),
(220, 25),
(355, 25),
(498, 25),
(532, 25),
(536, 25),
(541, 25),
(568, 25),
(607, 25),
(14, 26),
(71, 26),
(163, 26),
(199, 26),
(218, 26),
(261, 26),
(286, 26),
(326, 26),
(360, 26),
(396, 26),
(432, 26),
(22, 27),
(78, 27),
(95, 27),
(99, 27),
(120, 27),
(122, 27),
(168, 27),
(186, 27),
(217, 27),
(304, 27),
(334, 27),
(346, 27),
(353, 27),
(431, 27),
(464, 27),
(264, 28),
(366, 28),
(423, 28),
(500, 28),
(576, 28),
(603, 28),
(195, 29),
(298, 29),
(351, 29),
(352, 29),
(452, 29),
(582, 29),
(140, 30),
(157, 30),
(166, 30),
(345, 30),
(420, 30),
(449, 30),
(456, 30),
(509, 30),
(510, 30),
(524, 30),
(537, 30),
(538, 30),
(556, 30),
(61, 31),
(128, 31),
(211, 31),
(270, 31),
(364, 31),
(388, 31),
(585, 31),
(589, 31),
(31, 32),
(51, 32),
(57, 32),
(87, 32),
(371, 32),
(385, 32),
(391, 32),
(404, 32),
(413, 32),
(415, 32),
(446, 32),
(559, 32),
(131, 33),
(203, 33),
(271, 33),
(394, 33),
(461, 33),
(471, 33),
(483, 33),
(557, 33),
(47, 34),
(89, 34),
(123, 34),
(124, 34),
(244, 34),
(247, 34),
(367, 34),
(398, 34),
(426, 34),
(444, 34),
(468, 34),
(519, 34),
(32, 35),
(69, 35),
(106, 35),
(189, 35),
(258, 35),
(272, 35),
(395, 35),
(457, 35),
(489, 35),
(507, 35),
(516, 35),
(19, 36),
(26, 36),
(38, 36),
(58, 36),
(93, 36),
(149, 36),
(177, 36),
(185, 36),
(226, 36),
(229, 36),
(308, 36),
(320, 36),
(340, 36),
(410, 36),
(512, 36),
(6, 37),
(8, 37),
(52, 37),
(85, 37),
(118, 37),
(167, 37),
(214, 37),
(246, 37),
(331, 37),
(365, 37),
(378, 37),
(522, 37),
(525, 37),
(112, 38),
(144, 38),
(164, 38),
(194, 38),
(232, 38),
(281, 38),
(287, 38),
(342, 38),
(348, 38),
(361, 38),
(433, 38),
(542, 38),
(2, 39),
(146, 39),
(251, 39),
(257, 39),
(267, 39),
(307, 39),
(314, 39),
(359, 39),
(397, 39),
(406, 39),
(448, 39),
(508, 39),
(523, 39),
(528, 39),
(62, 40),
(265, 40),
(282, 40),
(306, 40),
(349, 40),
(421, 40),
(453, 40),
(482, 40),
(563, 40),
(596, 40),
(608, 40),
(100, 41),
(148, 41),
(188, 41),
(213, 41),
(354, 41),
(373, 41),
(460, 41),
(485, 41),
(20, 42),
(35, 42),
(75, 42),
(178, 42),
(389, 42),
(390, 42),
(400, 42),
(558, 42),
(560, 42),
(17, 43),
(64, 43),
(142, 43),
(187, 43),
(237, 43),
(416, 43),
(438, 43),
(450, 43),
(473, 43),
(484, 43),
(534, 43),
(552, 43),
(554, 43),
(579, 43),
(3, 44),
(42, 44),
(116, 44),
(150, 44),
(182, 44),
(201, 44),
(241, 44),
(309, 44),
(312, 44),
(606, 44),
(34, 45),
(66, 45),
(80, 45),
(240, 45),
(242, 45),
(284, 45),
(313, 45),
(381, 45),
(392, 45),
(412, 45),
(435, 45),
(459, 45),
(495, 45),
(505, 45),
(565, 45),
(29, 46),
(33, 46),
(63, 46),
(96, 46),
(103, 46),
(147, 46),
(207, 46),
(256, 46),
(545, 46),
(1, 47),
(77, 47),
(104, 47),
(136, 47),
(235, 47),
(327, 47),
(328, 47),
(336, 47),
(368, 47),
(399, 47),
(25, 48),
(82, 48),
(111, 48),
(138, 48),
(191, 48),
(254, 48),
(266, 48),
(273, 48),
(382, 48),
(403, 48),
(467, 48),
(496, 48),
(573, 48),
(594, 48),
(67, 49),
(98, 49),
(184, 49),
(278, 49),
(291, 49),
(317, 49),
(356, 49),
(466, 49),
(511, 49),
(517, 49),
(580, 49),
(13, 50),
(49, 50),
(79, 50),
(169, 50),
(224, 50),
(333, 50),
(427, 50),
(439, 50),
(476, 50),
(593, 50),
(12, 51),
(28, 51),
(174, 51),
(175, 51),
(200, 51),
(263, 51),
(302, 51),
(322, 51),
(417, 51),
(470, 51),
(501, 51),
(569, 51),
(139, 52),
(253, 52),
(260, 52),
(375, 52),
(490, 52),
(520, 52),
(567, 52),
(30, 53),
(173, 53),
(180, 53),
(275, 53),
(280, 53),
(292, 53),
(325, 53),
(379, 53),
(386, 53),
(409, 53),
(443, 53),
(478, 53),
(497, 53),
(502, 53),
(527, 53),
(550, 53),
(553, 53),
(604, 53),
(68, 54),
(117, 54),
(133, 54),
(162, 54),
(209, 54),
(248, 54),
(255, 54),
(268, 54),
(289, 54),
(293, 54),
(297, 54),
(572, 54),
(578, 54),
(105, 55),
(115, 55),
(125, 55),
(170, 55),
(316, 55),
(408, 55),
(455, 55),
(570, 55),
(102, 56),
(110, 56),
(369, 56),
(422, 56),
(492, 56),
(514, 56),
(10, 57),
(27, 57),
(43, 57),
(197, 57),
(205, 57),
(290, 57),
(318, 57),
(339, 57),
(372, 57),
(487, 57),
(513, 57),
(529, 57),
(543, 57);

-- --------------------------------------------------------

--
-- Structure de la table `campagne`
--

CREATE TABLE `campagne` (
  `id` int(11) NOT NULL,
  `nom` varchar(45) DEFAULT NULL,
  `date_debut` varchar(4) DEFAULT NULL,
  `date_fin` varchar(4) DEFAULT NULL,
  `resultat` varchar(50) DEFAULT NULL
) ENGINE=InnoDB DEFAULT CHARSET=utf8;

--
-- Contenu de la table `campagne`
--

INSERT INTO `campagne` (`id`, `nom`, `date_debut`, `date_fin`, `resultat`) VALUES
(1, 'Révolte de l\'Ionie', '-499', '-493', 'Domination des Perses sur les cités révoltées'),
(2, 'Première Guerre Médique', '-499', '-490', 'Défaite des Perses sur les Grecs coalisés'),
(3, 'Premier siège de Naxos', '-499', '-499', 'Défaite des Perses sur les habitants de Naxos'),
(4, 'Bataille au large de la Pamphylie', '-498', '-498', 'Victoire navale des Ioniens sur les Perses'),
(5, 'Bataille d\'Éphèse', '-498', '-498', 'Victoire des Perses sur les Ioniens'),
(6, 'Bataille du fleuve Marsyas', '-497', '-497', 'Victoire des Perses sur les Cariens'),
(7, 'Bataille de Pédassos', '-496', '-496', 'Victoire des Cariens sur les Perses'),
(8, 'Première bataille de Ladé', '-494', '-494', 'Victoire navale des Perses sur les Ioniens'),
(9, 'Bataille de Sepeia', '-494', '-494', 'Victoire de Sparte sur Argos'),
(10, 'Deuxième siège de Naxos', '-490', '-490', 'Les Perses détruisent Naxos'),
(11, 'Bataille et siège d\'Erétrie', '-490', '-490', 'Victoire des Perses sur les Érétriens'),
(12, 'Bataille de Marathon', '-490', '-490', 'Victoire d\'Athènes et Platée sur les Perses'),
(13, 'Deuxième Guerre Médique', '-480', '-479', 'Défaite des Perses sur les Grecs coalisés'),
(14, 'Bataille de l\'Artémision', '-480', '-480', 'Victoire navale des Perses sur les Grecs'),
(15, 'Bataille des Thermopyles', '-480', '-480', 'Victoire des Perses sur les Grecs'),
(16, 'Bataille de Salamine', '-480', '-480', 'Victoire navale des Grecs sur les Perses'),
(17, 'Bataille de Platées', '-479', '-479', 'Victoire des Grecs sur les Perses'),
(18, 'Bataille du cap Mycale', '-479', '-479', 'Victoire des Grecs sur les Perses'),
(19, 'Bataille et siège d\'Eion', '-475', '-475', 'Victoire de la Ligue de Délos sur les Perses'),
(20, 'Troisième Guerre de Messénie', '-464', '-454', 'Victoire indécise de Sparte sur les Messéniens'),
(21, 'Bataille d\'Égine', '-458', '-458', 'Victoire navale d\'Athènes sur les Éginètes'),
(22, 'Première bataille de Tanagra', '-457', '-457', 'Victoire de Sparte sur les Athéniens'),
(23, 'Bataille d\'Œnophyta', '-457', '-457', 'Victoire des Athéniens sur les Thébains'),
(24, 'Bataille et siège de Prosopitis', '-454', '-454', 'La Perse rétablit le contrôle sur l\'Égypte'),
(25, 'Siege de Cition', '-450', '-450', 'Les Perses conservent le contrôle de Chypre'),
(26, 'Deuxième Guerre Sacrée', '-449', '-447', 'Victoire d\'Athènes sur les Phocidiens et Sparte'),
(27, 'Première bataille de Coronée', '-447', '-447', 'Victoire des Béotiens sur la Ligue de Délos'),
(28, 'Guerre de Samos', '-440', '-439', 'Victoire des Athéniens sur Samos'),
(29, 'Bataille du cap Leucimme', '-435', '-435', 'Victoire navale de Corcyre sur Corinthe'),
(30, 'Bataille de Potidée', '-432', '-432', 'Victoire d\'Athènes sur Corinthe Potidée et Sparte'),
(31, 'Bataille de Patras', '-429', '-429', 'Victoire navale d\'Athènes sur Corinthe'),
(32, 'Bataille de Naupacte', '-429', '-429', 'Victoire navale d\'Athènes sur Corinthe et Sparte'),
(33, 'Bataille de Lesbos ou Révolte de Mytilène', '-427', '-427', 'Victoire d\'Athènes sur Mytilène et ses alliées'),
(34, 'Bataille de Platées', '-427', '-427', 'Victoire de Sparte sur Platées'),
(35, 'Deuxième bataille de Tanagra', '-426', '-426', 'Victoire d\'Athènes sur Tanagra et Thèbes'),
(36, 'Bataille d\'Olpae', '-426', '-426', 'Victoire d\'Athènes sur Sparte'),
(37, 'Bataille de Idoménée', '-426', '-426', 'Victoire d\'Athènes sur Ambracie'),
(38, 'Bataille de Pylos', '-425', '-425', 'Victoire d\'Athènes sur Sparte'),
(39, 'Bataille de Sphactérie', '-425', '-425', 'Victoire d\'Athènes sur Sparte'),
(40, 'Bataille de Délion ou de Délium', '-424', '-424', 'Victoire des Béotiens sur Athènes'),
(41, 'Bataille d\'Hysiae', '-417', '-417', 'Sparte ne peut prendre Argos'),
(42, 'Bataille de Mélos', '-415', '-415', 'Victoire d\'Athènes sur Mélos'),
(43, 'Première bataille de Syracuse', '-415', '-415', 'Victoire d\'Athènes sur Syracuse'),
(44, 'Deuxième bataille de Syracuse', '-413', '-413', 'Victoire de Syracuse sur Athènes'),
(45, 'Guerre de Décélie', '-413', '-404', 'Victoire de Sparte sur Athènes'),
(46, 'Bataille de l\'île de Symi', '-411', '-411', 'Bataille navale de Sparte sur Athènes'),
(47, 'Bataille de l\'île de Chios', '-411', '-411', 'Victoire navale de Sparte et de Chios sur Athènes'),
(48, 'Bataille d\'Érétrie', '-411', '-411', 'Victoire navale de Sparte sur Athènes'),
(49, 'Bataille de Cynosséma', '-411', '-411', 'Victoire navale d\'Athènes sur Sparte'),
(50, 'Bataille d\'Abydos', '-411', '-411', 'Victoire navale d\'Athènes sur Sparte'),
(51, 'Bataille de Cyzique', '-410', '-410', 'Victoire navale d\'Athènes sur Sparte'),
(52, 'Bataille de Notion', '-407', '-407', 'Victoire navale de Sparte sur Athènes'),
(53, 'Deuxième bataille de Mytilène', '-406', '-406', 'Victoire navale de Sparte sur Athènes'),
(54, 'Bataille des îles Arginuses', '-406', '-406', 'Victoire navale d\'Athènes sur Sparte'),
(55, 'Bataille d\'Aigos Potamos', '-405', '-405', 'Victoire navale de Sparte sur Athènes'),
(56, 'Bataille du Pirée', '-403', '-403', 'Défaite des exilés Athéniens devant les Spartiates'),
(57, 'Bataille de Counaxa', '-401', '-401', 'Victoire d\'Artaxerxès II sur Cyrus le Jeune');

-- --------------------------------------------------------

--
-- Structure de la table `casque`
--

CREATE TABLE `casque` (
  `id` int(11) NOT NULL,
  `utilisation` tinyint(4) NOT NULL,
  `description` varchar(150) DEFAULT NULL,
  `matiere` varchar(45) DEFAULT NULL
) ENGINE=InnoDB DEFAULT CHARSET=utf8;

--
-- Contenu de la table `casque`
--

INSERT INTO `casque` (`id`, `utilisation`, `description`, `matiere`) VALUES
(1, 1, 'Aucun', 'Aucun'),
(2, 1, 'Pilos', 'Métal'),
(3, 1, 'Pilos à paragnathides', 'Métal'),
(4, 1, 'Thessalien', 'Métal'),
(5, 1, 'Hellénistique', 'Métal'),
(6, 1, 'Attique', 'Métal'),
(7, 1, 'Samno-attique à cornes', 'Métal'),
(8, 1, 'Chalcidien décoré', 'Métal'),
(9, 1, 'Chalcidien', 'Métal'),
(10, 1, 'Thrace à barbe', 'Métal'),
(11, 1, 'Thrace à masque', 'Métal'),
(12, 1, 'Bonnet', 'Lin'),
(13, 1, 'Béotien', 'Métal'),
(14, 1, 'Samno-attique', 'Métal'),
(15, 1, 'Etrusque', 'Métal');

-- --------------------------------------------------------

--
-- Structure de la table `cite`
--

CREATE TABLE `cite` (
  `id` int(11) NOT NULL,
  `nom` varchar(45) NOT NULL,
  `population` int(11) DEFAULT NULL
) ENGINE=InnoDB DEFAULT CHARSET=utf8;

--
-- Contenu de la table `cite`
--

INSERT INTO `cite` (`id`, `nom`, `population`) VALUES
(1, 'Athènes', 20000),
(2, 'Thèbes', 10000),
(3, 'Sparte', 15000),
(4, 'Corinthe', 5000);

-- --------------------------------------------------------

--
-- Structure de la table `corps`
--

CREATE TABLE `corps` (
  `id` int(11) NOT NULL,
  `nom` varchar(45) NOT NULL,
  `type` varchar(45) NOT NULL
) ENGINE=InnoDB DEFAULT CHARSET=utf8 COMMENT='Table pour définir infanterie, cavalerie, marine et tous/ terre ou mer';

--
-- Contenu de la table `corps`
--

INSERT INTO `corps` (`id`, `nom`, `type`) VALUES
(1, 'Infanterie', 'terre'),
(2, 'Cavelerie', 'terre'),
(3, 'Marine', 'mer'),
(4, 'Tous', 'terre');

-- --------------------------------------------------------

--
-- Structure de la table `jambes`
--

CREATE TABLE `jambes` (
  `id` int(11) NOT NULL,
  `utilisation` tinyint(4) NOT NULL,
  `description` varchar(100) DEFAULT NULL,
  `matiere` varchar(45) DEFAULT NULL
) ENGINE=InnoDB DEFAULT CHARSET=utf8;

--
-- Contenu de la table `jambes`
--

INSERT INTO `jambes` (`id`, `utilisation`, `description`, `matiere`) VALUES
(1, 1, 'Cnémides', 'Bronze'),
(2, 1, 'Sandale', 'Cuir'),
(3, 1, 'aucun', 'aucun');

-- --------------------------------------------------------

--
-- Structure de la table `lien_armes_statut`
--

CREATE TABLE `lien_armes_statut` (
  `armes_id` int(11) NOT NULL,
  `statut_id` int(11) NOT NULL
) ENGINE=InnoDB DEFAULT CHARSET=utf8;

--
-- Contenu de la table `lien_armes_statut`
--

INSERT INTO `lien_armes_statut` (`armes_id`, `statut_id`) VALUES
(1, 6),
(1, 8),
(2, 2),
(3, 1),
(3, 3),
(3, 6),
(3, 7),
(4, 2),
(4, 6),
(5, 2),
(5, 5),
(5, 8),
(6, 5),
(6, 6);

-- --------------------------------------------------------

--
-- Structure de la table `lien_cite_bataille`
--

CREATE TABLE `lien_cite_bataille` (
  `id_cite` int(11) NOT NULL,
  `id_battaillon` int(11) NOT NULL
) ENGINE=InnoDB DEFAULT CHARSET=utf8;

--
-- Contenu de la table `lien_cite_bataille`
--

INSERT INTO `lien_cite_bataille` (`id_cite`, `id_battaillon`) VALUES
(1, 9),
(1, 18),
(2, 11),
(2, 12),
(2, 25),
(3, 7),
(3, 8),
(3, 13),
(3, 19),
(3, 24),
(4, 21),
(4, 24),
(4, 25);

-- --------------------------------------------------------

--
-- Structure de la table `lien_corps_statut`
--

CREATE TABLE `lien_corps_statut` (
  `statut_id` int(11) NOT NULL,
  `corps_id` int(11) NOT NULL
) ENGINE=InnoDB DEFAULT CHARSET=utf8;

--
-- Contenu de la table `lien_corps_statut`
--

INSERT INTO `lien_corps_statut` (`statut_id`, `corps_id`) VALUES
(1, 1),
(1, 2),
(2, 1),
(2, 3),
(3, 1),
(4, 1),
(5, 2),
(5, 4),
(6, 1),
(6, 3),
(7, 2),
(7, 4),
(8, 1),
(8, 4);

-- --------------------------------------------------------

--
-- Structure de la table `lien_soldat_bataillon`
--

CREATE TABLE `lien_soldat_bataillon` (
  `id_bataillon` int(11) NOT NULL,
  `id_soldat` int(11) NOT NULL
) ENGINE=InnoDB DEFAULT CHARSET=utf8;

--
-- Contenu de la table `lien_soldat_bataillon`
--

INSERT INTO `lien_soldat_bataillon` (`id_bataillon`, `id_soldat`) VALUES
(63, 1),
(115, 2),
(470, 2),
(167, 3),
(433, 3),
(81, 4),
(341, 5),
(75, 6),
(321, 6),
(103, 7),
(176, 7),
(400, 8),
(558, 8),
(555, 9),
(192, 10),
(250, 10),
(415, 11),
(382, 12),
(603, 14),
(4, 15),
(574, 15),
(108, 17),
(116, 18),
(34, 19),
(435, 19),
(476, 19),
(506, 19),
(359, 20),
(608, 21),
(461, 22),
(475, 22),
(134, 23),
(577, 25),
(56, 26),
(474, 28),
(563, 28),
(587, 28),
(590, 29),
(529, 30),
(303, 31),
(307, 32),
(594, 32),
(53, 33),
(148, 33),
(225, 33),
(529, 34),
(1, 35),
(19, 37),
(580, 37),
(430, 41),
(485, 41),
(179, 44),
(337, 44),
(293, 49),
(51, 50),
(148, 50),
(80, 53),
(84, 54),
(105, 55),
(315, 55),
(384, 56),
(212, 58),
(554, 58),
(111, 60),
(353, 61),
(487, 63),
(542, 63),
(128, 64),
(323, 65),
(66, 66),
(381, 66),
(223, 67),
(246, 67),
(298, 67),
(446, 69),
(560, 69),
(27, 71),
(64, 71),
(99, 72),
(351, 72),
(364, 72),
(468, 72),
(91, 73),
(466, 73),
(11, 75),
(213, 75),
(65, 76),
(281, 76),
(411, 76),
(215, 77),
(485, 77),
(341, 79),
(210, 80),
(421, 80),
(511, 80),
(313, 81),
(433, 81),
(9, 82),
(35, 82),
(159, 84),
(329, 84),
(142, 85),
(218, 85),
(289, 85),
(585, 86),
(106, 87),
(81, 88),
(184, 88),
(516, 89),
(295, 90),
(207, 92),
(598, 92),
(210, 93),
(234, 93),
(540, 94),
(67, 95),
(71, 96),
(74, 96),
(117, 98),
(422, 99),
(478, 101),
(279, 102),
(393, 102),
(309, 103),
(2, 105),
(176, 105),
(326, 106),
(518, 106),
(453, 108),
(152, 109),
(316, 110),
(381, 112),
(182, 113),
(520, 114),
(164, 115),
(296, 115),
(14, 117),
(92, 118),
(297, 118),
(561, 120),
(29, 122),
(106, 124),
(344, 124),
(579, 124),
(254, 128),
(301, 128),
(572, 128),
(18, 129),
(206, 129),
(382, 129),
(414, 131),
(82, 132),
(196, 132),
(193, 134),
(447, 134),
(123, 135),
(271, 135),
(545, 135),
(432, 136),
(296, 137),
(583, 137),
(170, 139),
(269, 140),
(331, 141),
(169, 143),
(576, 143),
(292, 144),
(260, 147),
(40, 148),
(558, 148),
(57, 149),
(104, 149),
(202, 149),
(292, 149),
(72, 151),
(87, 151),
(153, 151),
(557, 151),
(90, 152),
(277, 153),
(500, 154),
(273, 155),
(76, 156),
(320, 156),
(469, 156),
(162, 157),
(185, 157),
(258, 158),
(388, 160),
(408, 161),
(181, 163),
(230, 163),
(250, 163),
(304, 164),
(405, 165),
(560, 165),
(466, 166),
(88, 168),
(566, 168),
(335, 169),
(369, 169),
(413, 169),
(122, 171),
(364, 171),
(383, 171),
(196, 172),
(26, 174),
(67, 174),
(470, 175),
(366, 179),
(70, 180),
(267, 180),
(320, 180),
(552, 180),
(94, 181),
(541, 181),
(581, 181),
(33, 183),
(119, 184),
(246, 186),
(251, 186),
(284, 186),
(393, 187),
(597, 187),
(336, 188),
(244, 189),
(321, 189),
(310, 190),
(505, 191),
(189, 193),
(267, 193),
(108, 194),
(276, 194),
(460, 194),
(311, 195),
(455, 197),
(514, 198),
(314, 199),
(388, 199),
(394, 200),
(532, 200),
(378, 203),
(488, 203),
(406, 204),
(497, 204),
(271, 205),
(562, 205),
(168, 206),
(497, 206),
(202, 207),
(328, 207),
(472, 207),
(235, 208),
(259, 208),
(461, 208),
(547, 209),
(270, 212),
(546, 212),
(8, 213),
(286, 214),
(298, 214),
(234, 215),
(235, 215),
(299, 218),
(359, 218),
(504, 219),
(531, 220),
(37, 221),
(66, 224),
(599, 224),
(339, 225),
(61, 226),
(147, 227),
(512, 227),
(514, 227),
(325, 229),
(78, 231),
(157, 231),
(339, 232),
(434, 232),
(567, 233),
(425, 234),
(539, 234),
(453, 235),
(194, 236),
(155, 237),
(446, 237),
(496, 237),
(380, 238),
(479, 238),
(151, 239),
(439, 240),
(517, 240),
(564, 242),
(391, 243),
(585, 243),
(376, 244),
(140, 246),
(303, 246),
(272, 248),
(523, 248),
(205, 249),
(495, 250),
(264, 251),
(3, 253),
(604, 253),
(365, 254),
(375, 255),
(431, 256),
(56, 257),
(468, 257),
(584, 257),
(496, 258),
(74, 261),
(283, 261),
(129, 262),
(169, 262),
(544, 262),
(594, 263),
(98, 264),
(233, 264),
(87, 267),
(508, 267),
(354, 268),
(31, 269),
(362, 269),
(45, 270),
(374, 270),
(422, 270),
(171, 271),
(361, 271),
(242, 272),
(40, 273),
(403, 273),
(515, 273),
(200, 274),
(10, 275),
(489, 276),
(31, 277),
(589, 278),
(229, 279),
(288, 280),
(386, 280),
(452, 281),
(16, 283),
(588, 283),
(96, 285),
(598, 286),
(262, 287),
(549, 287),
(603, 288),
(428, 289),
(471, 290),
(3, 292),
(107, 292),
(137, 293),
(216, 294),
(387, 294),
(578, 294),
(377, 296),
(21, 298),
(221, 298),
(413, 299),
(116, 300),
(448, 300),
(475, 301),
(231, 302),
(150, 304),
(227, 304),
(495, 304),
(280, 305),
(410, 305),
(395, 307),
(137, 308),
(188, 308),
(201, 309),
(263, 309),
(332, 309),
(575, 309),
(419, 312),
(586, 312),
(89, 314),
(77, 315),
(172, 315),
(420, 315),
(1, 316),
(128, 316),
(165, 321),
(209, 321),
(224, 324),
(266, 326),
(348, 326),
(238, 327),
(438, 327),
(171, 328),
(28, 329),
(277, 329),
(510, 329),
(177, 330),
(291, 330),
(260, 331),
(601, 332),
(357, 334),
(102, 335),
(121, 335),
(368, 335),
(25, 336),
(370, 336),
(384, 337),
(513, 337),
(64, 338),
(239, 338),
(253, 338),
(227, 339),
(65, 340),
(79, 342),
(110, 342),
(60, 343),
(124, 343),
(228, 344),
(445, 344),
(48, 345),
(519, 345),
(589, 346),
(424, 347),
(8, 348),
(42, 348),
(57, 349),
(262, 349),
(22, 350),
(383, 354),
(130, 356),
(275, 357),
(45, 360),
(437, 360),
(154, 361),
(352, 361),
(231, 363),
(324, 363),
(50, 364),
(256, 364),
(278, 364),
(443, 364),
(541, 364),
(294, 365),
(201, 366),
(265, 366),
(491, 366),
(490, 367),
(95, 369),
(568, 371),
(440, 372),
(355, 373),
(407, 373),
(101, 375),
(342, 375),
(398, 375),
(328, 376),
(68, 377),
(501, 377),
(20, 380),
(436, 380),
(58, 381),
(223, 381),
(507, 381),
(161, 383),
(336, 383),
(44, 384),
(462, 385),
(386, 386),
(460, 386),
(569, 386),
(588, 386),
(183, 387),
(125, 388),
(211, 388),
(314, 391),
(139, 393),
(248, 393),
(365, 393),
(356, 395),
(455, 396),
(252, 397),
(327, 397),
(505, 397),
(530, 397),
(138, 398),
(285, 398),
(272, 399),
(216, 401),
(591, 401),
(135, 402),
(399, 402),
(312, 403),
(465, 403),
(436, 404),
(261, 405),
(454, 405),
(319, 407),
(439, 407),
(121, 408),
(105, 409),
(114, 410),
(396, 410),
(438, 410),
(493, 411),
(268, 412),
(312, 412),
(49, 413),
(316, 413),
(25, 414),
(79, 415),
(166, 415),
(183, 415),
(348, 415),
(502, 417),
(324, 418),
(445, 419),
(583, 421),
(88, 423),
(157, 424),
(225, 424),
(38, 425),
(559, 425),
(389, 427),
(561, 427),
(184, 429),
(97, 432),
(17, 433),
(73, 435),
(274, 435),
(52, 436),
(162, 436),
(188, 436),
(338, 436),
(59, 437),
(323, 437),
(429, 437),
(251, 438),
(36, 439),
(539, 439),
(13, 440),
(574, 440),
(596, 440),
(525, 441),
(82, 442),
(37, 443),
(48, 443),
(278, 443),
(418, 443),
(415, 447),
(112, 450),
(306, 450),
(96, 452),
(385, 452),
(385, 453),
(431, 453),
(46, 455),
(424, 455),
(146, 457),
(304, 457),
(39, 458),
(62, 458),
(392, 459),
(533, 459),
(160, 461),
(518, 463),
(576, 463),
(286, 464),
(86, 465),
(294, 465),
(596, 465),
(401, 466),
(297, 467),
(360, 467),
(457, 467),
(490, 467),
(243, 468),
(280, 468),
(347, 468),
(535, 468),
(23, 470),
(52, 470),
(71, 470),
(318, 470),
(581, 470),
(115, 473),
(480, 474),
(493, 474),
(571, 474),
(605, 474),
(427, 476),
(477, 476),
(538, 476),
(27, 479),
(132, 479),
(143, 479),
(474, 479),
(426, 480),
(547, 481),
(55, 482),
(521, 482),
(452, 483),
(53, 486),
(524, 486),
(527, 487),
(69, 488),
(226, 488),
(367, 488),
(417, 488),
(136, 489),
(337, 490),
(450, 491),
(332, 492),
(346, 492),
(482, 492),
(279, 493),
(330, 495),
(126, 496),
(450, 496),
(553, 496),
(33, 500),
(97, 500),
(160, 500),
(302, 500),
(347, 500),
(443, 500),
(170, 501),
(208, 502),
(273, 502),
(5, 503),
(353, 503),
(127, 504),
(32, 505),
(494, 505),
(237, 507),
(268, 507),
(548, 508),
(289, 509),
(344, 509),
(543, 509),
(149, 511),
(187, 512),
(593, 513),
(109, 516),
(366, 517),
(471, 517),
(481, 518),
(597, 519),
(600, 520),
(252, 521),
(343, 522),
(254, 523),
(592, 523),
(182, 524),
(187, 524),
(301, 526),
(579, 527),
(240, 528),
(51, 529),
(606, 529),
(390, 530),
(403, 530),
(207, 531),
(419, 531),
(402, 532),
(456, 533),
(168, 534),
(417, 536),
(408, 538),
(165, 539),
(590, 540),
(14, 542),
(159, 542),
(208, 542),
(492, 542),
(582, 543),
(300, 544),
(373, 545),
(442, 545),
(58, 546),
(80, 546),
(467, 546),
(54, 547),
(141, 547),
(310, 547),
(478, 548),
(601, 550),
(509, 554),
(420, 555),
(427, 555),
(501, 555),
(525, 555),
(126, 556),
(483, 557),
(595, 557),
(29, 558),
(473, 558),
(562, 558),
(7, 559),
(119, 560),
(178, 560),
(178, 562),
(572, 562),
(526, 563),
(211, 565),
(220, 567),
(327, 567),
(564, 567),
(602, 568),
(213, 569),
(444, 571),
(602, 571),
(530, 572),
(7, 575),
(212, 575),
(404, 575),
(472, 575),
(10, 576),
(146, 577),
(110, 579),
(70, 581),
(352, 584),
(358, 584),
(368, 586),
(550, 586),
(568, 586),
(248, 587),
(484, 587),
(350, 588),
(499, 588),
(545, 588),
(118, 590),
(133, 590),
(89, 591),
(326, 591),
(9, 592),
(287, 592),
(266, 594),
(93, 595),
(456, 595),
(400, 596),
(609, 596),
(204, 597),
(55, 598),
(173, 599),
(492, 599),
(107, 600),
(398, 600),
(511, 601),
(317, 604),
(38, 606),
(205, 608),
(416, 609),
(43, 611),
(22, 612),
(513, 612),
(158, 613),
(167, 613),
(186, 613),
(306, 614),
(551, 615),
(437, 616),
(608, 617),
(85, 620),
(28, 621),
(371, 621),
(484, 622),
(179, 624),
(322, 624),
(553, 624),
(228, 625),
(486, 625),
(76, 626),
(102, 626),
(49, 628),
(100, 628),
(161, 629),
(362, 629),
(104, 632),
(118, 633),
(219, 634),
(61, 636),
(491, 636),
(197, 637),
(237, 638),
(404, 639),
(309, 640),
(63, 641),
(255, 641),
(435, 641),
(173, 642),
(144, 643),
(195, 643),
(533, 643),
(12, 644),
(516, 644),
(114, 647),
(463, 648),
(190, 649),
(397, 649),
(546, 649),
(565, 649),
(591, 651),
(143, 655),
(532, 655),
(16, 656),
(394, 657),
(494, 657),
(512, 657),
(520, 657),
(50, 658),
(573, 658),
(300, 659),
(112, 660),
(192, 661),
(391, 662),
(113, 663),
(363, 663),
(550, 665),
(378, 667),
(60, 668),
(154, 668),
(222, 668),
(236, 668),
(200, 669),
(275, 671),
(92, 672),
(175, 674),
(291, 674),
(111, 675),
(565, 676),
(255, 677),
(269, 678),
(374, 679),
(440, 679),
(451, 679),
(531, 679),
(537, 679),
(2, 681),
(370, 685),
(203, 686),
(282, 686),
(72, 687),
(515, 687),
(423, 694),
(26, 695),
(153, 695),
(191, 695),
(409, 695),
(604, 695),
(140, 697),
(181, 698),
(467, 698),
(607, 698),
(122, 699),
(334, 699),
(367, 699),
(469, 699),
(552, 699),
(454, 700),
(90, 701),
(120, 702),
(130, 703),
(376, 703),
(30, 705),
(506, 705),
(448, 706),
(47, 707),
(198, 707),
(356, 709),
(458, 710),
(131, 711),
(573, 711),
(152, 712),
(551, 712),
(180, 713),
(476, 713),
(124, 714),
(499, 715),
(600, 715),
(123, 716),
(372, 716),
(416, 716),
(175, 720),
(257, 721),
(522, 722),
(536, 722),
(566, 722),
(451, 724),
(256, 725),
(557, 725),
(83, 727),
(133, 727),
(214, 727),
(389, 730),
(94, 733),
(441, 733),
(214, 734),
(481, 734),
(113, 735),
(570, 736),
(238, 737),
(290, 737),
(570, 737),
(59, 738),
(444, 738),
(15, 739),
(69, 740),
(203, 740),
(236, 740),
(392, 740),
(357, 741),
(99, 742),
(575, 742),
(586, 743),
(567, 744),
(21, 746),
(233, 746),
(333, 746),
(412, 747),
(458, 747),
(186, 748),
(302, 749),
(599, 750),
(163, 751),
(299, 751),
(6, 752),
(319, 752),
(127, 754),
(199, 754),
(308, 756),
(109, 758),
(77, 759),
(464, 759),
(283, 760),
(129, 761),
(222, 761),
(180, 762),
(379, 762),
(285, 764),
(442, 765),
(345, 766),
(193, 767),
(335, 767),
(75, 768),
(284, 768),
(423, 768),
(313, 769),
(62, 771),
(174, 771),
(84, 774),
(239, 774),
(98, 775),
(329, 776),
(372, 776),
(498, 776),
(578, 776),
(354, 778),
(592, 778),
(287, 780),
(395, 781),
(528, 781),
(457, 782),
(502, 782),
(241, 785),
(330, 787),
(334, 787),
(32, 788),
(322, 788),
(340, 788),
(473, 788),
(609, 788),
(240, 789),
(243, 789),
(407, 790),
(480, 790),
(607, 790),
(538, 791),
(418, 792),
(521, 792),
(224, 793),
(345, 793),
(534, 793),
(428, 796),
(517, 796),
(249, 797),
(534, 799),
(18, 800),
(120, 801),
(93, 802),
(397, 802),
(509, 802),
(305, 803),
(432, 804),
(556, 804),
(209, 806),
(155, 807),
(331, 809),
(503, 809),
(537, 810),
(261, 812),
(510, 812),
(219, 813),
(290, 813),
(387, 814),
(242, 816),
(5, 817),
(315, 817),
(486, 817),
(189, 818),
(548, 821),
(605, 821),
(42, 822),
(221, 826),
(35, 832),
(263, 832),
(308, 833),
(544, 833),
(134, 836),
(226, 836),
(462, 836),
(194, 837),
(245, 838),
(85, 839),
(369, 839),
(489, 839),
(375, 840),
(434, 840),
(46, 841),
(441, 841),
(220, 842),
(83, 844),
(527, 844),
(593, 844),
(351, 846),
(206, 847),
(406, 848),
(163, 849),
(340, 849),
(402, 849),
(91, 851),
(559, 852),
(204, 854),
(563, 855),
(346, 856),
(281, 858),
(229, 859),
(311, 860),
(131, 863),
(142, 864),
(282, 865),
(396, 865),
(177, 867),
(523, 867),
(17, 868),
(156, 868),
(508, 869),
(447, 870),
(380, 871),
(349, 872),
(164, 873),
(360, 873),
(150, 875),
(265, 875),
(414, 878),
(554, 879),
(54, 880),
(197, 880),
(503, 880),
(358, 881),
(151, 882),
(191, 883),
(549, 883),
(145, 884),
(542, 884),
(12, 885),
(606, 885),
(325, 886),
(535, 886),
(536, 888),
(463, 889),
(149, 890),
(580, 890),
(103, 892),
(425, 894),
(6, 895),
(44, 896),
(241, 898),
(411, 898),
(377, 899),
(519, 899),
(584, 899),
(371, 902),
(68, 903),
(20, 905),
(318, 905),
(449, 905),
(174, 907),
(405, 907),
(39, 908),
(15, 910),
(34, 910),
(307, 910),
(125, 912),
(399, 912),
(199, 913),
(247, 913),
(11, 914),
(190, 914),
(333, 914),
(158, 915),
(144, 916),
(426, 916),
(47, 917),
(166, 917),
(500, 918),
(483, 919),
(555, 920),
(24, 921),
(482, 922),
(244, 923),
(257, 923),
(86, 925),
(195, 925),
(569, 926),
(464, 929),
(526, 929),
(30, 931),
(43, 931),
(73, 931),
(101, 931),
(293, 931),
(556, 931),
(139, 935),
(465, 935),
(571, 935),
(498, 937),
(19, 938),
(147, 939),
(543, 939),
(338, 940),
(487, 940),
(245, 942),
(449, 942),
(587, 942),
(288, 944),
(218, 946),
(264, 946),
(23, 947),
(230, 947),
(270, 947),
(145, 948),
(582, 948),
(247, 950),
(156, 951),
(135, 952),
(138, 952),
(430, 952),
(41, 955),
(274, 956),
(305, 957),
(185, 958),
(488, 959),
(36, 960),
(412, 960),
(373, 961),
(232, 962),
(595, 962),
(379, 964),
(528, 964),
(259, 967),
(429, 967),
(459, 967),
(401, 969),
(95, 970),
(136, 970),
(410, 970),
(459, 970),
(215, 971),
(141, 973),
(350, 974),
(479, 975),
(13, 976),
(258, 976),
(409, 976),
(522, 976),
(232, 977),
(355, 977),
(421, 977),
(342, 978),
(390, 978),
(577, 978),
(524, 979),
(540, 980),
(295, 981),
(217, 983),
(477, 983),
(507, 983),
(361, 984),
(504, 984),
(343, 985),
(41, 986),
(100, 987),
(317, 987),
(198, 989),
(276, 989),
(78, 990),
(24, 993),
(172, 993),
(4, 994),
(249, 994),
(132, 995),
(349, 995),
(363, 997),
(217, 999);

-- --------------------------------------------------------

--
-- Structure de la table `lien_statut_role`
--

CREATE TABLE `lien_statut_role` (
  `role_id` int(11) NOT NULL,
  `statut_id` int(11) NOT NULL
) ENGINE=InnoDB DEFAULT CHARSET=utf8;

--
-- Contenu de la table `lien_statut_role`
--

INSERT INTO `lien_statut_role` (`role_id`, `statut_id`) VALUES
(1, 1),
(1, 2),
(1, 3),
(1, 4),
(1, 5),
(1, 6),
(1, 7),
(1, 8),
(2, 1),
(2, 2),
(2, 3),
(2, 4),
(2, 5),
(2, 6),
(2, 7),
(2, 8),
(3, 1),
(3, 2),
(3, 3),
(3, 4),
(3, 5),
(3, 6),
(3, 7),
(3, 8),
(4, 1),
(4, 2),
(4, 3),
(4, 4),
(4, 5),
(4, 6),
(4, 7),
(4, 8),
(5, 1),
(5, 2),
(5, 3),
(5, 4),
(5, 5),
(5, 6),
(5, 7),
(5, 8),
(6, 1),
(6, 2),
(6, 3),
(6, 4),
(6, 5),
(6, 6),
(6, 7),
(6, 8),
(7, 1),
(7, 2),
(7, 3),
(7, 4),
(7, 5),
(7, 6),
(7, 7),
(7, 8),
(8, 1),
(8, 2),
(8, 3),
(8, 4),
(8, 5),
(8, 6),
(8, 7),
(8, 8),
(9, 1),
(9, 2),
(9, 3),
(9, 4),
(9, 5),
(9, 6),
(9, 7),
(9, 8);

-- --------------------------------------------------------

--
-- Structure de la table `milieu_corps`
--

CREATE TABLE `milieu_corps` (
  `id` int(11) NOT NULL,
  `utilisation` tinyint(4) NOT NULL,
  `description` varchar(100) DEFAULT NULL,
  `matiere` varchar(45) DEFAULT NULL
) ENGINE=InnoDB DEFAULT CHARSET=utf8;

--
-- Contenu de la table `milieu_corps`
--

INSERT INTO `milieu_corps` (`id`, `utilisation`, `description`, `matiere`) VALUES
(1, 1, 'Cuirasse', 'Bronze'),
(2, 1, 'Tunique', 'Lin'),
(3, 1, 'Manteau de guerre', 'Cuir'),
(4, 1, 'aucun', 'aucun');

-- --------------------------------------------------------

--
-- Structure de la table `role`
--

CREATE TABLE `role` (
  `id` int(11) NOT NULL,
  `description` varchar(45) NOT NULL
) ENGINE=InnoDB DEFAULT CHARSET=utf8 COMMENT='Dégats distants légers, Soutien dégâts distants, Reconnaissance, Poursuite des fuyards ennemies, Corps à corps lourd, Contre les charges de cavalerie, Dégâts distants lourds, Corps à corps léger, Cadence les troupes';

--
-- Contenu de la table `role`
--

INSERT INTO `role` (`id`, `description`) VALUES
(1, 'Dégats distants légers'),
(2, 'Soutien dégâts distants'),
(3, 'Reconnaissance'),
(4, 'Poursuite des fuyards ennemies'),
(5, 'Corps à corps lourd'),
(6, 'Contre les charges de cavalerie'),
(7, 'Dégâts distants lourds'),
(8, 'Corps à corps léger'),
(9, 'Cadence les troupes');

-- --------------------------------------------------------

--
-- Structure de la table `soldat`
--

CREATE TABLE `soldat` (
  `id` int(11) NOT NULL,
  `id_cite` int(11) NOT NULL,
  `corps_id` int(11) NOT NULL,
  `patronyme` varchar(45) DEFAULT NULL,
  `date_naissance` varchar(4) DEFAULT NULL,
  `date_mort` varchar(4) DEFAULT NULL
) ENGINE=InnoDB DEFAULT CHARSET=utf8;

--
-- Contenu de la table `soldat`
--

INSERT INTO `soldat` (`id`, `id_cite`, `corps_id`, `patronyme`, `date_naissance`, `date_mort`) VALUES
(1, 1, 3, 'Cochran', '-497', '-405'),
(2, 4, 2, 'Gay', '-460', '-406'),
(3, 4, 2, 'Terry', '-476', '-413'),
(4, 3, 3, 'Clarke', '-495', ''),
(5, 4, 1, 'Humphrey', '-446', '-424'),
(6, 2, 2, 'Romero', '-402', '-402'),
(7, 4, 3, 'Nicholson', '-485', ''),
(8, 4, 3, 'Graham', '-424', '-406'),
(9, 3, 3, 'Stafford', '-432', '-429'),
(10, 1, 2, 'Velazquez', '-492', ''),
(11, 1, 2, 'Koch', '-420', '-417'),
(12, 1, 3, 'Carey', '-489', '-442'),
(13, 2, 3, 'Hunter', '-416', ''),
(14, 3, 3, 'Haynes', '-433', '-428'),
(15, 3, 2, 'Kelley', '-422', ''),
(16, 4, 1, 'Gross', '-483', '-430'),
(17, 1, 2, 'Hess', '-425', '-418'),
(18, 2, 2, 'Mccall', '-409', ''),
(19, 4, 2, 'Willis', '-497', '-410'),
(20, 4, 3, 'Macdonald', '-433', '-425'),
(21, 1, 4, 'Cote', '-461', ''),
(22, 2, 4, 'Dunn', '-492', '-490'),
(23, 1, 1, 'Kane', '-452', ''),
(24, 2, 3, 'Bernard', '-497', ''),
(25, 2, 2, 'Cervantes', '-410', '-410'),
(26, 2, 4, 'Joyce', '-401', ''),
(27, 2, 4, 'Ross', '-473', '-444'),
(28, 4, 3, 'Townsend', '-461', '-456'),
(29, 2, 4, 'Wood', '-474', '-441'),
(30, 4, 1, 'Stevenson', '-420', '-409'),
(31, 4, 3, 'Lindsey', '-422', '-408'),
(32, 1, 4, 'Greer', '-482', ''),
(33, 1, 4, 'Bright', '-450', '-410'),
(34, 2, 3, 'Rodgers', '-467', '-413'),
(35, 3, 3, 'Rosario', '-459', '-419'),
(36, 3, 3, 'Bates', '-430', ''),
(37, 1, 4, 'Kennedy', '-482', '-409'),
(38, 2, 4, 'Cooke', '-423', '-423'),
(39, 4, 3, 'Robinson', '-487', ''),
(40, 2, 4, 'Graves', '-490', '-424'),
(41, 3, 1, 'Chavez', '-469', ''),
(42, 4, 4, 'Rocha', '-433', ''),
(43, 2, 1, 'Patel', '-448', '-419'),
(44, 4, 1, 'Beard', '-427', ''),
(45, 1, 2, 'Meyers', '-471', ''),
(46, 2, 4, 'Livingston', '-471', ''),
(47, 4, 2, 'Robins', '-462', '-447'),
(48, 1, 4, 'Bradley', '-402', '-401'),
(49, 1, 3, 'Small', '-414', '-411'),
(50, 4, 2, 'George', '-484', ''),
(51, 2, 3, 'Madden', '-439', '-432'),
(52, 2, 3, 'Mcknight', '-434', '-403'),
(53, 3, 3, 'Forbes', '-456', '-454'),
(54, 4, 2, 'Bartlett', '-419', ''),
(55, 2, 2, 'Buckley', '-481', '-428'),
(56, 2, 1, 'Stark', '-475', '-416'),
(57, 2, 4, 'Blackburn', '-496', ''),
(58, 4, 1, 'Henderson', '-442', '-433'),
(59, 3, 3, 'Nieves', '-473', '-468'),
(60, 4, 3, 'Shields', '-461', ''),
(61, 1, 2, 'Malone', '-462', '-428'),
(62, 1, 3, 'Steele', '-401', '-401'),
(63, 4, 3, 'Walters', '-420', ''),
(64, 2, 2, 'Fox', '-404', '-403'),
(65, 1, 4, 'Doyle', '-465', '-453'),
(66, 4, 4, 'Hicks', '-474', '-469'),
(67, 1, 4, 'Morin', '-443', ''),
(68, 3, 3, 'Marks', '-473', '-431'),
(69, 1, 4, 'Blackburn', '-487', ''),
(70, 4, 3, 'Maldonado', '-455', ''),
(71, 2, 1, 'Bowen', '-479', '-472'),
(72, 2, 4, 'Shelton', '-494', ''),
(73, 4, 1, 'Bray', '-411', '-411'),
(74, 3, 3, 'Hancock', '-461', '-408'),
(75, 4, 2, 'Mathis', '-420', '-402'),
(76, 2, 4, 'Norton', '-428', '-422'),
(77, 1, 1, 'Cameron', '-428', ''),
(78, 3, 3, 'Pruitt', '-467', '-453'),
(79, 3, 3, 'Bond', '-497', '-496'),
(80, 3, 3, 'Cash', '-459', '-428'),
(81, 3, 1, 'Jacobs', '-409', ''),
(82, 2, 1, 'Wilkerson', '-442', ''),
(83, 4, 2, 'Dorsey', '-489', ''),
(84, 1, 1, 'Reilly', '-401', ''),
(85, 2, 1, 'Elliott', '-474', '-415'),
(86, 4, 2, 'Ewing', '-462', '-423'),
(87, 2, 1, 'Shepherd', '-443', '-410'),
(88, 3, 1, 'Cline', '-487', '-481'),
(89, 2, 3, 'Blake', '-446', '-446'),
(90, 3, 3, 'Clayton', '-413', ''),
(91, 1, 1, 'Odom', '-498', ''),
(92, 1, 4, 'Harrell', '-455', '-444'),
(93, 3, 2, 'Rhodes', '-480', ''),
(94, 3, 3, 'Shaw', '-474', ''),
(95, 1, 1, 'Nieves', '-401', '-401'),
(96, 4, 4, 'Sosa', '-444', '-406'),
(97, 4, 1, 'Mckinney', '-482', '-438'),
(98, 1, 1, 'Talley', '-450', ''),
(99, 4, 1, 'Witt', '-455', '-451'),
(100, 3, 4, 'Puckett', '-473', ''),
(101, 4, 1, 'Kent', '-495', '-457'),
(102, 2, 2, 'Erickson', '-405', ''),
(103, 2, 1, 'Stafford', '-443', '-428'),
(104, 2, 1, 'Grimes', '-495', ''),
(105, 4, 3, 'Harding', '-456', ''),
(106, 2, 4, 'Maynard', '-481', ''),
(107, 1, 2, 'Kennedy', '-426', '-408'),
(108, 3, 2, 'Kent', '-479', ''),
(109, 3, 3, 'Bentley', '-494', '-426'),
(110, 2, 3, 'Grimes', '-419', ''),
(111, 2, 2, 'Hall', '-472', ''),
(112, 1, 3, 'Newman', '-477', '-474'),
(113, 3, 1, 'Malone', '-425', ''),
(114, 3, 4, 'Chase', '-431', '-420'),
(115, 2, 1, 'Merritt', '-419', '-406'),
(116, 1, 4, 'Hurst', '-498', ''),
(117, 1, 4, 'Wong', '-437', '-401'),
(118, 1, 4, 'Vinson', '-450', '-435'),
(119, 4, 1, 'Ferrell', '-456', ''),
(120, 2, 1, 'Shelton', '-453', '-409'),
(121, 2, 2, 'Avery', '-400', '-400'),
(122, 4, 1, 'Meadows', '-409', ''),
(123, 1, 1, 'Tyson', '-464', ''),
(124, 2, 4, 'Mclaughlin', '-437', '-405'),
(125, 2, 2, 'Montgomery', '-469', ''),
(126, 4, 3, 'Foley', '-416', '-414'),
(127, 1, 4, 'Watson', '-498', ''),
(128, 3, 2, 'Bean', '-421', '-421'),
(129, 1, 1, 'Bullock', '-420', '-413'),
(130, 4, 3, 'Garrett', '-412', '-403'),
(131, 1, 1, 'Owen', '-413', '-407'),
(132, 2, 2, 'Bowers', '-403', '-400'),
(133, 2, 1, 'Massey', '-415', '-406'),
(134, 3, 4, 'Best', '-468', ''),
(135, 1, 4, 'Park', '-424', '-408'),
(136, 4, 1, 'Patterson', '-458', '-447'),
(137, 4, 1, 'Workman', '-465', '-452'),
(138, 2, 2, 'Fowler', '-476', '-401'),
(139, 4, 1, 'Stanley', '-432', '-422'),
(140, 3, 4, 'Reid', '-452', '-421'),
(141, 4, 3, 'Conrad', '-447', '-421'),
(142, 2, 4, 'Flores', '-420', ''),
(143, 3, 1, 'Booth', '-456', '-438'),
(144, 1, 1, 'Valentine', '-437', '-418'),
(145, 3, 1, 'Chambers', '-425', ''),
(146, 4, 3, 'Hooper', '-479', '-458'),
(147, 3, 2, 'Rhodes', '-451', ''),
(148, 1, 1, 'Moore', '-477', ''),
(149, 3, 2, 'Cannon', '-429', '-407'),
(150, 3, 2, 'Wise', '-425', ''),
(151, 4, 1, 'Terrell', '-428', ''),
(152, 2, 4, 'Dean', '-433', '-414'),
(153, 2, 4, 'Malone', '-452', ''),
(154, 4, 1, 'Fuller', '-496', '-454'),
(155, 4, 1, 'Potts', '-486', '-421'),
(156, 1, 1, 'Schwartz', '-459', ''),
(157, 1, 3, 'Valencia', '-450', '-410'),
(158, 3, 4, 'Gonzales', '-419', '-418'),
(159, 1, 2, 'Lloyd', '-448', '-432'),
(160, 1, 1, 'Whitley', '-408', '-406'),
(161, 3, 1, 'English', '-464', '-422'),
(162, 4, 2, 'Riggs', '-448', '-411'),
(163, 4, 2, 'Moore', '-478', '-442'),
(164, 2, 4, 'Hartman', '-429', ''),
(165, 2, 3, 'Sheppard', '-420', ''),
(166, 4, 3, 'Shields', '-416', '-415'),
(167, 3, 4, 'Joyner', '-417', ''),
(168, 2, 3, 'Glass', '-452', '-449'),
(169, 2, 4, 'Roman', '-403', '-402'),
(170, 1, 2, 'Roth', '-497', '-496'),
(171, 2, 3, 'Cash', '-481', '-418'),
(172, 3, 3, 'Riley', '-436', '-431'),
(173, 3, 1, 'Alston', '-484', ''),
(174, 3, 2, 'Waters', '-448', '-405'),
(175, 2, 2, 'Boone', '-465', '-408'),
(176, 3, 3, 'Mcguire', '-400', '-400'),
(177, 3, 2, 'Ferrell', '-425', '-412'),
(178, 1, 3, 'Roach', '-486', ''),
(179, 2, 3, 'Richmond', '-403', '-400'),
(180, 2, 4, 'Porter', '-413', '-412'),
(181, 4, 1, 'Pruitt', '-467', '-410'),
(182, 2, 1, 'Parsons', '-484', '-452'),
(183, 3, 4, 'Lane', '-450', '-446'),
(184, 4, 1, 'Cannon', '-472', '-432'),
(185, 2, 3, 'Wiley', '-409', ''),
(186, 1, 2, 'Benjamin', '-421', '-408'),
(187, 1, 3, 'Willis', '-496', '-454'),
(188, 1, 4, 'Olsen', '-472', ''),
(189, 3, 1, 'Copeland', '-466', '-416'),
(190, 1, 2, 'Simmons', '-453', ''),
(191, 2, 1, 'Frederick', '-443', ''),
(192, 3, 2, 'Coleman', '-401', '-400'),
(193, 2, 1, 'Frazier', '-403', '-402'),
(194, 3, 4, 'Manning', '-437', '-401'),
(195, 2, 1, 'Gomez', '-437', '-407'),
(196, 3, 2, 'Rosales', '-483', ''),
(197, 4, 1, 'Graves', '-465', '-452'),
(198, 3, 2, 'Daniels', '-478', ''),
(199, 2, 3, 'Pugh', '-496', '-407'),
(200, 3, 2, 'Henson', '-426', '-416'),
(201, 3, 4, 'Gilliam', '-435', '-403'),
(202, 3, 4, 'Cochran', '-407', ''),
(203, 1, 4, 'Gay', '-444', '-427'),
(204, 1, 1, 'Terry', '-428', ''),
(205, 3, 3, 'Clarke', '-405', '-402'),
(206, 1, 2, 'Humphrey', '-478', '-462'),
(207, 1, 4, 'Romero', '-450', ''),
(208, 2, 3, 'Nicholson', '-400', '-400'),
(209, 1, 4, 'Graham', '-461', '-407'),
(210, 2, 2, 'Stafford', '-488', '-434'),
(211, 3, 3, 'Velazquez', '-422', '-401'),
(212, 2, 3, 'Koch', '-406', '-400'),
(213, 1, 2, 'Carey', '-461', ''),
(214, 3, 1, 'Hunter', '-402', '-400'),
(215, 2, 2, 'Haynes', '-449', '-434'),
(216, 2, 1, 'Kelley', '-415', '-403'),
(217, 1, 1, 'Gross', '-437', '-413'),
(218, 4, 2, 'Hess', '-494', '-415'),
(219, 1, 3, 'Mccall', '-439', '-431'),
(220, 2, 2, 'Willis', '-454', '-413'),
(221, 3, 4, 'Macdonald', '-411', '-404'),
(222, 3, 2, 'Cote', '-411', '-406'),
(223, 1, 2, 'Dunn', '-459', ''),
(224, 1, 2, 'Kane', '-443', '-413'),
(225, 1, 3, 'Bernard', '-431', ''),
(226, 3, 1, 'Cervantes', '-454', ''),
(227, 4, 4, 'Joyce', '-469', ''),
(228, 2, 2, 'Ross', '-405', '-405'),
(229, 3, 1, 'Townsend', '-473', '-469'),
(230, 3, 2, 'Wood', '-401', ''),
(231, 2, 4, 'Stevenson', '-401', ''),
(232, 1, 3, 'Lindsey', '-465', ''),
(233, 1, 4, 'Greer', '-403', '-401'),
(234, 3, 3, 'Bright', '-402', ''),
(235, 1, 4, 'Rodgers', '-455', '-415'),
(236, 3, 2, 'Rosario', '-490', ''),
(237, 3, 4, 'Bates', '-470', ''),
(238, 4, 2, 'Kennedy', '-450', '-443'),
(239, 4, 4, 'Cooke', '-461', ''),
(240, 1, 3, 'Robinson', '-419', ''),
(241, 3, 3, 'Graves', '-433', '-405'),
(242, 3, 2, 'Chavez', '-494', ''),
(243, 1, 1, 'Rocha', '-479', ''),
(244, 2, 1, 'Patel', '-464', ''),
(245, 2, 1, 'Beard', '-446', '-438'),
(246, 4, 2, 'Meyers', '-433', '-400'),
(247, 3, 1, 'Livingston', '-425', '-421'),
(248, 1, 4, 'Robins', '-491', '-465'),
(249, 1, 3, 'Bradley', '-471', '-408'),
(250, 2, 2, 'Small', '-444', '-442'),
(251, 1, 3, 'George', '-440', '-401'),
(252, 4, 1, 'Madden', '-413', '-407'),
(253, 4, 4, 'Mcknight', '-427', '-424'),
(254, 4, 4, 'Forbes', '-424', '-411'),
(255, 3, 1, 'Bartlett', '-458', '-458'),
(256, 1, 1, 'Buckley', '-438', '-417'),
(257, 1, 4, 'Stark', '-436', '-434'),
(258, 4, 4, 'Blackburn', '-445', '-400'),
(259, 3, 4, 'Henderson', '-482', '-433'),
(260, 1, 1, 'Nieves', '-460', '-407'),
(261, 1, 4, 'Shields', '-412', '-404'),
(262, 2, 3, 'Malone', '-487', ''),
(263, 3, 4, 'Steele', '-419', ''),
(264, 3, 3, 'Walters', '-413', ''),
(265, 2, 2, 'Fox', '-482', '-414'),
(266, 1, 2, 'Doyle', '-404', ''),
(267, 4, 4, 'Hicks', '-418', ''),
(268, 2, 4, 'Morin', '-489', '-460'),
(269, 4, 2, 'Marks', '-444', '-444'),
(270, 2, 3, 'Blackburn', '-433', '-408'),
(271, 3, 3, 'Maldonado', '-492', '-485'),
(272, 3, 4, 'Bowen', '-429', '-429'),
(273, 1, 4, 'Shelton', '-430', '-424'),
(274, 2, 4, 'Bray', '-499', '-409'),
(275, 3, 3, 'Hancock', '-446', '-418'),
(276, 3, 2, 'Mathis', '-459', '-421'),
(277, 1, 4, 'Norton', '-481', '-480'),
(278, 1, 2, 'Cameron', '-481', ''),
(279, 2, 1, 'Pruitt', '-461', '-438'),
(280, 3, 1, 'Bond', '-485', '-458'),
(281, 2, 1, 'Cash', '-407', ''),
(282, 4, 4, 'Jacobs', '-453', ''),
(283, 3, 1, 'Wilkerson', '-449', ''),
(284, 3, 1, 'Dorsey', '-456', ''),
(285, 1, 1, 'Reilly', '-474', '-472'),
(286, 4, 4, 'Elliott', '-454', ''),
(287, 1, 2, 'Ewing', '-467', '-428'),
(288, 2, 3, 'Shepherd', '-434', ''),
(289, 1, 3, 'Cline', '-454', ''),
(290, 3, 3, 'Blake', '-479', ''),
(291, 2, 1, 'Clayton', '-423', '-403'),
(292, 2, 4, 'Odom', '-433', ''),
(293, 4, 1, 'Harrell', '-430', ''),
(294, 4, 1, 'Rhodes', '-405', '-403'),
(295, 4, 4, 'Shaw', '-426', ''),
(296, 1, 2, 'Nieves', '-479', ''),
(297, 4, 2, 'Sosa', '-404', '-401'),
(298, 3, 2, 'Mckinney', '-431', ''),
(299, 3, 4, 'Talley', '-484', '-446'),
(300, 3, 4, 'Witt', '-411', ''),
(301, 1, 1, 'Puckett', '-499', '-430'),
(302, 2, 1, 'Kent', '-450', '-426'),
(303, 3, 4, 'Erickson', '-494', ''),
(304, 4, 1, 'Stafford', '-420', ''),
(305, 1, 4, 'Grimes', '-421', '-413'),
(306, 4, 2, 'Harding', '-474', '-421'),
(307, 4, 1, 'Maynard', '-446', ''),
(308, 4, 4, 'Kennedy', '-454', ''),
(309, 3, 2, 'Kent', '-432', ''),
(310, 4, 2, 'Bentley', '-448', '-414'),
(311, 4, 2, 'Grimes', '-408', ''),
(312, 2, 2, 'Hall', '-476', '-409'),
(313, 2, 1, 'Newman', '-461', ''),
(314, 1, 1, 'Malone', '-462', '-448'),
(315, 1, 1, 'Chase', '-462', ''),
(316, 2, 4, 'Merritt', '-441', '-418'),
(317, 4, 1, 'Hurst', '-485', ''),
(318, 4, 1, 'Wong', '-458', '-444'),
(319, 3, 4, 'Vinson', '-434', ''),
(320, 4, 4, 'Ferrell', '-484', '-414'),
(321, 4, 1, 'Shelton', '-405', ''),
(322, 3, 2, 'Avery', '-470', '-461'),
(323, 3, 3, 'Meadows', '-472', '-425'),
(324, 4, 1, 'Tyson', '-495', '-487'),
(325, 4, 4, 'Mclaughlin', '-475', '-401'),
(326, 1, 4, 'Montgomery', '-470', '-428'),
(327, 3, 1, 'Foley', '-411', ''),
(328, 3, 2, 'Watson', '-416', '-415'),
(329, 4, 2, 'Bean', '-459', '-418'),
(330, 1, 2, 'Bullock', '-442', ''),
(331, 1, 2, 'Garrett', '-413', ''),
(332, 2, 2, 'Owen', '-444', ''),
(333, 4, 4, 'Bowers', '-407', '-404'),
(334, 4, 2, 'Massey', '-480', '-417'),
(335, 3, 3, 'Best', '-466', '-433'),
(336, 1, 4, 'Park', '-488', '-418'),
(337, 2, 3, 'Patterson', '-428', '-418'),
(338, 4, 3, 'Workman', '-431', ''),
(339, 4, 2, 'Fowler', '-478', ''),
(340, 4, 3, 'Stanley', '-414', '-401'),
(341, 1, 1, 'Reid', '-428', '-422'),
(342, 2, 1, 'Conrad', '-457', '-454'),
(343, 3, 2, 'Flores', '-442', '-400'),
(344, 4, 3, 'Booth', '-452', '-422'),
(345, 4, 1, 'Valentine', '-417', ''),
(346, 3, 3, 'Chambers', '-454', '-438'),
(347, 2, 1, 'Hooper', '-409', '-401'),
(348, 4, 4, 'Rhodes', '-401', '-400'),
(349, 1, 2, 'Moore', '-487', '-465'),
(350, 3, 2, 'Cannon', '-436', ''),
(351, 2, 1, 'Wise', '-452', '-401'),
(352, 3, 4, 'Terrell', '-474', ''),
(353, 2, 4, 'Dean', '-400', '-400'),
(354, 2, 3, 'Malone', '-485', '-459'),
(355, 2, 1, 'Fuller', '-498', ''),
(356, 2, 2, 'Potts', '-448', '-448'),
(357, 4, 4, 'Schwartz', '-490', '-465'),
(358, 3, 2, 'Valencia', '-413', '-410'),
(359, 3, 1, 'Gonzales', '-472', '-401'),
(360, 1, 3, 'Lloyd', '-467', '-458'),
(361, 2, 3, 'Whitley', '-473', '-452'),
(362, 3, 4, 'English', '-458', '-452'),
(363, 4, 4, 'Riggs', '-404', ''),
(364, 4, 1, 'Moore', '-440', '-422'),
(365, 3, 3, 'Hartman', '-499', '-451'),
(366, 3, 1, 'Sheppard', '-441', '-425'),
(367, 3, 3, 'Shields', '-424', ''),
(368, 1, 2, 'Joyner', '-413', '-404'),
(369, 2, 3, 'Glass', '-471', '-411'),
(370, 4, 3, 'Roman', '-459', ''),
(371, 1, 2, 'Roth', '-418', '-413'),
(372, 2, 1, 'Cash', '-484', '-482'),
(373, 2, 3, 'Riley', '-491', '-400'),
(374, 3, 1, 'Alston', '-450', ''),
(375, 4, 2, 'Waters', '-402', '-400'),
(376, 3, 1, 'Boone', '-496', '-462'),
(377, 4, 1, 'Mcguire', '-433', '-429'),
(378, 1, 4, 'Ferrell', '-411', ''),
(379, 3, 3, 'Roach', '-432', ''),
(380, 3, 3, 'Richmond', '-444', ''),
(381, 4, 4, 'Porter', '-496', '-489'),
(382, 3, 4, 'Pruitt', '-438', '-429'),
(383, 2, 3, 'Parsons', '-467', '-466'),
(384, 1, 3, 'Lane', '-438', '-424'),
(385, 4, 2, 'Cannon', '-425', '-410'),
(386, 4, 4, 'Wiley', '-414', '-405'),
(387, 4, 1, 'Benjamin', '-402', '-400'),
(388, 3, 1, 'Willis', '-444', ''),
(389, 4, 2, 'Olsen', '-476', '-413'),
(390, 4, 1, 'Copeland', '-408', '-400'),
(391, 2, 3, 'Simmons', '-492', ''),
(392, 2, 3, 'Frederick', '-402', ''),
(393, 4, 1, 'Coleman', '-461', '-416'),
(394, 1, 4, 'Frazier', '-457', ''),
(395, 4, 4, 'Manning', '-499', ''),
(396, 1, 4, 'Gomez', '-456', ''),
(397, 3, 1, 'Rosales', '-499', '-430'),
(398, 3, 2, 'Graves', '-444', '-419'),
(399, 3, 1, 'Daniels', '-437', ''),
(400, 2, 1, 'Pugh', '-405', '-402'),
(401, 3, 1, 'Henson', '-491', '-479'),
(402, 4, 2, 'Gilliam', '-436', ''),
(403, 3, 1, 'Cochran', '-493', '-442'),
(404, 1, 1, 'Gay', '-445', ''),
(405, 3, 3, 'Terry', '-438', '-416'),
(406, 2, 3, 'Clarke', '-463', '-435'),
(407, 2, 3, 'Humphrey', '-499', '-450'),
(408, 4, 4, 'Romero', '-461', '-401'),
(409, 4, 1, 'Nicholson', '-436', '-426'),
(410, 4, 2, 'Graham', '-447', ''),
(411, 3, 1, 'Stafford', '-422', '-417'),
(412, 2, 3, 'Velazquez', '-428', '-428'),
(413, 4, 4, 'Koch', '-499', ''),
(414, 4, 3, 'Carey', '-465', '-463'),
(415, 2, 1, 'Hunter', '-454', '-413'),
(416, 4, 3, 'Haynes', '-440', '-409'),
(417, 1, 3, 'Kelley', '-497', ''),
(418, 2, 1, 'Gross', '-422', ''),
(419, 3, 4, 'Hess', '-427', '-417'),
(420, 4, 3, 'Mccall', '-476', ''),
(421, 3, 3, 'Willis', '-437', '-432'),
(422, 2, 2, 'Macdonald', '-485', '-404'),
(423, 3, 1, 'Cote', '-480', '-476'),
(424, 4, 4, 'Dunn', '-411', '-411'),
(425, 4, 4, 'Kane', '-452', ''),
(426, 1, 4, 'Bernard', '-439', '-414'),
(427, 4, 3, 'Cervantes', '-467', '-404'),
(428, 2, 2, 'Joyce', '-463', '-433'),
(429, 4, 2, 'Ross', '-438', '-425'),
(430, 1, 2, 'Townsend', '-419', '-404'),
(431, 3, 4, 'Wood', '-446', '-402'),
(432, 3, 2, 'Stevenson', '-420', ''),
(433, 1, 4, 'Lindsey', '-440', '-400'),
(434, 2, 2, 'Greer', '-423', '-403'),
(435, 4, 1, 'Bright', '-433', '-419'),
(436, 2, 2, 'Rodgers', '-444', '-401'),
(437, 1, 3, 'Rosario', '-465', '-447'),
(438, 4, 3, 'Bates', '-469', '-448'),
(439, 2, 4, 'Kennedy', '-498', '-406'),
(440, 2, 2, 'Cooke', '-499', '-429'),
(441, 3, 4, 'Robinson', '-484', ''),
(442, 4, 2, 'Graves', '-415', '-401'),
(443, 4, 2, 'Chavez', '-439', '-425'),
(444, 1, 2, 'Rocha', '-409', '-408'),
(445, 2, 2, 'Patel', '-494', '-402'),
(446, 3, 1, 'Beard', '-430', ''),
(447, 3, 3, 'Meyers', '-467', '-444'),
(448, 3, 4, 'Livingston', '-430', '-407'),
(449, 2, 3, 'Robins', '-498', ''),
(450, 1, 2, 'Bradley', '-480', '-434'),
(451, 2, 2, 'Small', '-446', ''),
(452, 2, 2, 'George', '-447', ''),
(453, 1, 4, 'Madden', '-498', '-478'),
(454, 4, 3, 'Mcknight', '-419', ''),
(455, 4, 2, 'Forbes', '-497', '-490'),
(456, 2, 4, 'Bartlett', '-491', ''),
(457, 2, 2, 'Buckley', '-492', '-471'),
(458, 2, 1, 'Stark', '-480', '-455'),
(459, 2, 3, 'Blackburn', '-460', '-400'),
(460, 2, 3, 'Henderson', '-434', '-417'),
(461, 3, 1, 'Nieves', '-440', ''),
(462, 3, 1, 'Shields', '-423', '-419'),
(463, 4, 1, 'Malone', '-456', ''),
(464, 1, 1, 'Steele', '-461', '-424'),
(465, 3, 3, 'Walters', '-458', ''),
(466, 1, 4, 'Fox', '-424', '-412'),
(467, 2, 2, 'Doyle', '-496', '-463'),
(468, 2, 1, 'Hicks', '-403', ''),
(469, 4, 1, 'Morin', '-497', ''),
(470, 1, 3, 'Marks', '-407', ''),
(471, 3, 3, 'Blackburn', '-481', ''),
(472, 2, 3, 'Maldonado', '-485', ''),
(473, 4, 4, 'Bowen', '-404', ''),
(474, 4, 3, 'Shelton', '-488', ''),
(475, 4, 1, 'Bray', '-408', ''),
(476, 1, 2, 'Hancock', '-466', ''),
(477, 3, 3, 'Mathis', '-419', '-411'),
(478, 1, 3, 'Norton', '-401', '-401'),
(479, 1, 3, 'Cameron', '-476', '-439'),
(480, 2, 3, 'Pruitt', '-483', '-407'),
(481, 4, 2, 'Bond', '-485', '-424'),
(482, 3, 4, 'Cash', '-460', '-400'),
(483, 2, 2, 'Jacobs', '-425', '-408'),
(484, 4, 4, 'Wilkerson', '-415', ''),
(485, 1, 1, 'Dorsey', '-495', '-445'),
(486, 2, 4, 'Reilly', '-485', '-485'),
(487, 1, 3, 'Elliott', '-455', '-452'),
(488, 1, 3, 'Ewing', '-489', '-436'),
(489, 4, 3, 'Shepherd', '-421', '-409'),
(490, 1, 2, 'Cline', '-442', '-414'),
(491, 3, 2, 'Blake', '-444', ''),
(492, 2, 4, 'Clayton', '-406', '-403'),
(493, 3, 2, 'Odom', '-483', '-407'),
(494, 1, 3, 'Harrell', '-417', ''),
(495, 2, 2, 'Rhodes', '-498', '-458'),
(496, 3, 3, 'Shaw', '-451', '-450'),
(497, 3, 2, 'Nieves', '-413', '-404'),
(498, 4, 3, 'Sosa', '-423', '-413'),
(499, 4, 1, 'Mckinney', '-468', ''),
(500, 1, 2, 'Talley', '-495', '-471'),
(501, 4, 1, 'Witt', '-425', '-412'),
(502, 1, 2, 'Puckett', '-475', '-418'),
(503, 4, 1, 'Kent', '-479', ''),
(504, 4, 4, 'Erickson', '-400', '-400'),
(505, 1, 2, 'Stafford', '-411', '-408'),
(506, 4, 3, 'Grimes', '-418', '-404'),
(507, 1, 2, 'Harding', '-489', ''),
(508, 1, 1, 'Maynard', '-402', '-400'),
(509, 3, 4, 'Kennedy', '-451', '-426'),
(510, 4, 1, 'Kent', '-421', ''),
(511, 3, 1, 'Bentley', '-462', '-460'),
(512, 4, 1, 'Grimes', '-402', ''),
(513, 1, 2, 'Hall', '-471', '-417'),
(514, 1, 3, 'Newman', '-414', '-401'),
(515, 4, 1, 'Malone', '-463', ''),
(516, 1, 2, 'Chase', '-410', '-400'),
(517, 4, 3, 'Merritt', '-446', '-435'),
(518, 3, 2, 'Hurst', '-499', '-428'),
(519, 3, 2, 'Wong', '-483', '-404'),
(520, 2, 2, 'Vinson', '-439', ''),
(521, 2, 4, 'Ferrell', '-423', '-406'),
(522, 2, 3, 'Shelton', '-474', '-410'),
(523, 4, 2, 'Avery', '-406', ''),
(524, 1, 2, 'Meadows', '-414', '-405'),
(525, 4, 4, 'Tyson', '-434', '-424'),
(526, 1, 1, 'Mclaughlin', '-419', '-410'),
(527, 4, 2, 'Montgomery', '-476', '-414'),
(528, 1, 1, 'Foley', '-473', ''),
(529, 3, 4, 'Watson', '-427', '-401'),
(530, 2, 3, 'Bean', '-403', '-401'),
(531, 3, 1, 'Bullock', '-436', '-428'),
(532, 4, 3, 'Garrett', '-403', '-402'),
(533, 4, 2, 'Owen', '-403', '-401'),
(534, 1, 3, 'Bowers', '-404', ''),
(535, 4, 1, 'Massey', '-486', '-461'),
(536, 2, 3, 'Best', '-402', ''),
(537, 1, 3, 'Park', '-491', '-473'),
(538, 1, 4, 'Patterson', '-469', '-446'),
(539, 2, 4, 'Workman', '-419', '-410'),
(540, 1, 3, 'Fowler', '-417', '-404'),
(541, 4, 1, 'Stanley', '-475', '-468'),
(542, 2, 4, 'Reid', '-494', '-437'),
(543, 1, 3, 'Conrad', '-401', '-401'),
(544, 1, 1, 'Flores', '-409', '-408'),
(545, 2, 3, 'Booth', '-483', '-483'),
(546, 2, 1, 'Valentine', '-425', '-400'),
(547, 2, 1, 'Chambers', '-401', '-401'),
(548, 4, 2, 'Hooper', '-426', ''),
(549, 4, 3, 'Rhodes', '-489', '-472'),
(550, 4, 2, 'Moore', '-422', '-421'),
(551, 2, 2, 'Cannon', '-482', '-403'),
(552, 4, 2, 'Wise', '-459', '-408'),
(553, 2, 1, 'Terrell', '-455', ''),
(554, 1, 1, 'Dean', '-479', '-431'),
(555, 3, 3, 'Malone', '-437', '-426'),
(556, 1, 3, 'Fuller', '-410', '-401'),
(557, 2, 2, 'Potts', '-461', '-452'),
(558, 4, 4, 'Schwartz', '-437', ''),
(559, 3, 4, 'Valencia', '-474', '-405'),
(560, 2, 1, 'Gonzales', '-498', ''),
(561, 2, 2, 'Lloyd', '-468', '-467'),
(562, 1, 2, 'Whitley', '-429', '-401'),
(563, 2, 3, 'English', '-441', '-429'),
(564, 2, 3, 'Riggs', '-450', '-411'),
(565, 3, 2, 'Moore', '-435', '-422'),
(566, 2, 4, 'Hartman', '-411', '-406'),
(567, 4, 3, 'Sheppard', '-436', '-422'),
(568, 3, 2, 'Shields', '-464', '-413'),
(569, 1, 4, 'Joyner', '-472', '-400'),
(570, 1, 4, 'Glass', '-421', '-412'),
(571, 2, 3, 'Roman', '-428', '-400'),
(572, 2, 2, 'Roth', '-458', '-401'),
(573, 3, 3, 'Cash', '-439', '-428'),
(574, 2, 1, 'Riley', '-454', '-426'),
(575, 4, 1, 'Alston', '-412', '-409'),
(576, 2, 4, 'Waters', '-496', '-406'),
(577, 1, 4, 'Boone', '-496', ''),
(578, 1, 1, 'Mcguire', '-431', '-414'),
(579, 4, 2, 'Ferrell', '-411', '-401'),
(580, 2, 3, 'Roach', '-490', '-483'),
(581, 2, 4, 'Richmond', '-405', '-403'),
(582, 4, 1, 'Porter', '-451', '-421'),
(583, 4, 2, 'Pruitt', '-439', ''),
(584, 3, 3, 'Parsons', '-427', '-421'),
(585, 3, 1, 'Lane', '-448', ''),
(586, 1, 3, 'Cannon', '-463', '-427'),
(587, 4, 4, 'Wiley', '-485', ''),
(588, 4, 3, 'Benjamin', '-441', '-418'),
(589, 3, 1, 'Willis', '-419', '-409'),
(590, 2, 2, 'Olsen', '-471', '-452'),
(591, 4, 3, 'Copeland', '-456', '-417'),
(592, 2, 4, 'Simmons', '-477', '-465'),
(593, 2, 1, 'Frederick', '-420', '-404'),
(594, 1, 1, 'Coleman', '-413', '-402'),
(595, 4, 1, 'Frazier', '-406', '-401'),
(596, 2, 3, 'Manning', '-404', ''),
(597, 2, 4, 'Gomez', '-425', '-424'),
(598, 3, 4, 'Rosales', '-413', '-413'),
(599, 1, 1, 'Graves', '-471', ''),
(600, 3, 1, 'Daniels', '-486', '-436'),
(601, 2, 2, 'Pugh', '-457', '-420'),
(602, 4, 1, 'Henson', '-456', '-449'),
(603, 1, 2, 'Gilliam', '-441', ''),
(604, 3, 2, 'Cochran', '-441', '-422'),
(605, 3, 3, 'Gay', '-473', ''),
(606, 4, 2, 'Terry', '-411', '-406'),
(607, 3, 4, 'Clarke', '-494', '-482'),
(608, 1, 3, 'Humphrey', '-466', '-404'),
(609, 2, 3, 'Romero', '-442', ''),
(610, 3, 3, 'Nicholson', '-430', '-403'),
(611, 3, 3, 'Graham', '-462', '-402'),
(612, 1, 3, 'Stafford', '-408', '-401'),
(613, 4, 4, 'Velazquez', '-405', ''),
(614, 3, 1, 'Koch', '-478', '-475'),
(615, 3, 3, 'Carey', '-431', '-426'),
(616, 2, 2, 'Hunter', '-440', '-409'),
(617, 3, 4, 'Haynes', '-483', ''),
(618, 4, 3, 'Kelley', '-448', '-437'),
(619, 2, 2, 'Gross', '-490', ''),
(620, 2, 3, 'Hess', '-421', ''),
(621, 4, 2, 'Mccall', '-414', '-403'),
(622, 2, 4, 'Willis', '-489', ''),
(623, 2, 2, 'Macdonald', '-427', '-404'),
(624, 2, 1, 'Cote', '-413', '-412'),
(625, 3, 2, 'Dunn', '-431', ''),
(626, 3, 1, 'Kane', '-457', '-449'),
(627, 3, 4, 'Bernard', '-427', ''),
(628, 4, 2, 'Cervantes', '-462', '-441'),
(629, 2, 1, 'Joyce', '-408', ''),
(630, 3, 3, 'Ross', '-434', ''),
(631, 3, 1, 'Townsend', '-471', '-419'),
(632, 2, 3, 'Wood', '-491', ''),
(633, 1, 3, 'Stevenson', '-445', ''),
(634, 2, 2, 'Lindsey', '-414', '-410'),
(635, 1, 1, 'Greer', '-441', '-411'),
(636, 1, 4, 'Bright', '-457', '-444'),
(637, 4, 2, 'Rodgers', '-488', '-446'),
(638, 4, 3, 'Rosario', '-460', '-436'),
(639, 3, 1, 'Bates', '-418', '-409'),
(640, 3, 3, 'Kennedy', '-437', '-411'),
(641, 4, 2, 'Cooke', '-490', '-418'),
(642, 3, 3, 'Robinson', '-452', '-406'),
(643, 2, 3, 'Graves', '-453', '-453'),
(644, 4, 1, 'Chavez', '-479', '-473'),
(645, 1, 3, 'Rocha', '-402', ''),
(646, 3, 4, 'Patel', '-423', '-412'),
(647, 1, 2, 'Beard', '-495', '-459'),
(648, 4, 4, 'Meyers', '-438', '-406'),
(649, 4, 2, 'Livingston', '-446', '-443'),
(650, 2, 1, 'Robins', '-472', '-436'),
(651, 4, 1, 'Bradley', '-487', '-437'),
(652, 3, 2, 'Small', '-459', '-429'),
(653, 3, 2, 'George', '-434', ''),
(654, 4, 1, 'Madden', '-489', '-405'),
(655, 4, 3, 'Mcknight', '-474', '-443'),
(656, 4, 2, 'Forbes', '-412', '-410'),
(657, 2, 2, 'Bartlett', '-433', '-430'),
(658, 3, 2, 'Buckley', '-459', '-406'),
(659, 3, 4, 'Stark', '-460', ''),
(660, 4, 4, 'Blackburn', '-499', '-475'),
(661, 4, 1, 'Henderson', '-459', '-428'),
(662, 2, 1, 'Nieves', '-469', '-448'),
(663, 2, 2, 'Shields', '-464', '-441'),
(664, 2, 2, 'Malone', '-486', '-483'),
(665, 3, 1, 'Steele', '-412', ''),
(666, 3, 3, 'Walters', '-422', '-415'),
(667, 2, 4, 'Fox', '-412', '-402'),
(668, 2, 4, 'Doyle', '-439', '-434'),
(669, 3, 1, 'Hicks', '-455', '-436'),
(670, 4, 2, 'Morin', '-480', '-416'),
(671, 3, 2, 'Marks', '-417', '-401'),
(672, 3, 1, 'Blackburn', '-428', ''),
(673, 3, 4, 'Maldonado', '-408', '-405'),
(674, 3, 4, 'Bowen', '-414', '-407'),
(675, 1, 2, 'Shelton', '-430', ''),
(676, 1, 3, 'Bray', '-490', '-459'),
(677, 4, 4, 'Hancock', '-449', '-441'),
(678, 2, 3, 'Mathis', '-447', ''),
(679, 1, 3, 'Norton', '-471', '-426'),
(680, 3, 4, 'Cameron', '-404', '-401'),
(681, 3, 3, 'Pruitt', '-450', ''),
(682, 3, 1, 'Bond', '-458', '-418'),
(683, 3, 4, 'Cash', '-494', '-446'),
(684, 1, 1, 'Jacobs', '-474', '-466'),
(685, 3, 3, 'Wilkerson', '-464', '-414'),
(686, 2, 4, 'Dorsey', '-421', '-414'),
(687, 4, 1, 'Reilly', '-485', '-472'),
(688, 2, 2, 'Elliott', '-495', '-436'),
(689, 3, 1, 'Ewing', '-437', ''),
(690, 1, 4, 'Shepherd', '-408', '-403'),
(691, 1, 1, 'Cline', '-463', '-410'),
(692, 3, 1, 'Blake', '-408', ''),
(693, 4, 1, 'Clayton', '-468', '-467'),
(694, 2, 3, 'Odom', '-441', '-412'),
(695, 2, 1, 'Harrell', '-412', ''),
(696, 3, 1, 'Rhodes', '-402', '-401'),
(697, 3, 2, 'Shaw', '-486', '-450'),
(698, 1, 4, 'Nieves', '-410', '-406'),
(699, 2, 3, 'Sosa', '-464', '-440'),
(700, 2, 2, 'Mckinney', '-416', '-413'),
(701, 1, 3, 'Talley', '-445', '-438'),
(702, 1, 3, 'Witt', '-493', '-473'),
(703, 4, 3, 'Puckett', '-429', ''),
(704, 2, 1, 'Kent', '-417', '-417'),
(705, 4, 1, 'Erickson', '-494', '-483'),
(706, 4, 3, 'Stafford', '-442', ''),
(707, 3, 4, 'Grimes', '-469', '-417'),
(708, 4, 4, 'Harding', '-487', '-413'),
(709, 1, 1, 'Maynard', '-462', '-412'),
(710, 2, 2, 'Kennedy', '-438', '-404'),
(711, 3, 3, 'Kent', '-431', '-418'),
(712, 4, 1, 'Bentley', '-448', '-413'),
(713, 1, 2, 'Grimes', '-440', '-401'),
(714, 1, 3, 'Hall', '-458', '-421'),
(715, 2, 2, 'Newman', '-460', '-445'),
(716, 4, 3, 'Malone', '-487', '-479'),
(717, 4, 4, 'Chase', '-473', '-403'),
(718, 3, 2, 'Merritt', '-493', '-415'),
(719, 4, 4, 'Hurst', '-435', ''),
(720, 1, 3, 'Wong', '-406', '-403'),
(721, 3, 3, 'Vinson', '-404', '-404'),
(722, 3, 1, 'Ferrell', '-444', '-429'),
(723, 1, 2, 'Shelton', '-422', '-402'),
(724, 1, 1, 'Avery', '-496', ''),
(725, 1, 3, 'Meadows', '-495', '-494'),
(726, 3, 4, 'Tyson', '-417', '-410'),
(727, 4, 1, 'Mclaughlin', '-468', '-436'),
(728, 2, 3, 'Montgomery', '-412', '-401'),
(729, 1, 3, 'Foley', '-475', '-416'),
(730, 2, 4, 'Watson', '-482', '-415'),
(731, 2, 3, 'Bean', '-423', ''),
(732, 1, 3, 'Bullock', '-437', '-410'),
(733, 2, 2, 'Garrett', '-461', '-426'),
(734, 4, 1, 'Owen', '-416', '-402'),
(735, 1, 2, 'Bowers', '-435', '-406'),
(736, 3, 2, 'Massey', '-477', '-419'),
(737, 3, 1, 'Best', '-483', '-432'),
(738, 3, 3, 'Park', '-476', ''),
(739, 3, 1, 'Patterson', '-444', ''),
(740, 4, 2, 'Workman', '-414', ''),
(741, 2, 4, 'Fowler', '-406', '-405'),
(742, 3, 2, 'Stanley', '-469', '-438'),
(743, 1, 3, 'Reid', '-471', ''),
(744, 3, 3, 'Conrad', '-452', '-412'),
(745, 1, 2, 'Flores', '-471', ''),
(746, 4, 4, 'Booth', '-473', '-454'),
(747, 2, 4, 'Valentine', '-402', '-402'),
(748, 4, 1, 'Chambers', '-476', '-449'),
(749, 3, 4, 'Hooper', '-470', ''),
(750, 1, 2, 'Rhodes', '-454', '-402'),
(751, 1, 2, 'Moore', '-456', '-405'),
(752, 4, 4, 'Cannon', '-474', '-408'),
(753, 2, 3, 'Wise', '-491', '-443'),
(754, 3, 2, 'Terrell', '-499', '-472'),
(755, 2, 1, 'Dean', '-457', '-401'),
(756, 4, 1, 'Malone', '-473', ''),
(757, 2, 3, 'Fuller', '-406', '-404'),
(758, 1, 1, 'Potts', '-410', '-410'),
(759, 3, 1, 'Schwartz', '-416', ''),
(760, 1, 3, 'Valencia', '-419', '-404'),
(761, 1, 2, 'Gonzales', '-490', '-438'),
(762, 4, 4, 'Lloyd', '-483', ''),
(763, 2, 4, 'Whitley', '-499', '-434'),
(764, 3, 4, 'English', '-469', '-465'),
(765, 4, 3, 'Riggs', '-432', '-401'),
(766, 4, 3, 'Moore', '-466', '-439'),
(767, 4, 4, 'Hartman', '-454', '-437'),
(768, 1, 2, 'Sheppard', '-480', ''),
(769, 4, 4, 'Shields', '-433', '-426'),
(770, 3, 4, 'Joyner', '-441', '-419'),
(771, 2, 1, 'Glass', '-462', '-448'),
(772, 2, 3, 'Roman', '-432', '-400'),
(773, 4, 3, 'Roth', '-469', '-444'),
(774, 4, 3, 'Cash', '-434', '-408'),
(775, 1, 3, 'Riley', '-488', '-471'),
(776, 3, 2, 'Alston', '-406', '-404'),
(777, 3, 4, 'Waters', '-457', '-454'),
(778, 1, 4, 'Boone', '-446', '-436'),
(779, 1, 2, 'Mcguire', '-412', ''),
(780, 2, 4, 'Ferrell', '-415', ''),
(781, 1, 3, 'Roach', '-446', ''),
(782, 2, 1, 'Richmond', '-444', ''),
(783, 1, 4, 'Porter', '-478', '-424'),
(784, 2, 2, 'Pruitt', '-462', ''),
(785, 2, 1, 'Parsons', '-469', ''),
(786, 2, 1, 'Lane', '-408', '-405'),
(787, 1, 2, 'Cannon', '-491', ''),
(788, 3, 2, 'Wiley', '-403', '-401'),
(789, 4, 1, 'Benjamin', '-469', ''),
(790, 3, 3, 'Willis', '-450', '-403'),
(791, 4, 1, 'Olsen', '-475', ''),
(792, 1, 1, 'Copeland', '-422', '-405'),
(793, 2, 3, 'Simmons', '-431', '-428'),
(794, 4, 1, 'Frederick', '-426', '-401'),
(795, 1, 3, 'Coleman', '-432', ''),
(796, 3, 4, 'Frazier', '-474', '-447'),
(797, 3, 2, 'Manning', '-487', ''),
(798, 1, 2, 'Gomez', '-461', '-452'),
(799, 4, 3, 'Rosales', '-427', '-403'),
(800, 3, 1, 'Graves', '-488', '-470'),
(801, 4, 3, 'Daniels', '-479', ''),
(802, 1, 2, 'Pugh', '-404', '-400'),
(803, 2, 1, 'Henson', '-476', '-442'),
(804, 2, 4, 'Gilliam', '-415', '-412'),
(805, 3, 2, 'Cochran', '-400', '-400'),
(806, 1, 3, 'Gay', '-461', '-429'),
(807, 4, 2, 'Terry', '-420', '-417'),
(808, 1, 3, 'Clarke', '-404', ''),
(809, 4, 1, 'Humphrey', '-499', ''),
(810, 3, 2, 'Romero', '-437', '-416'),
(811, 4, 3, 'Nicholson', '-434', ''),
(812, 3, 3, 'Graham', '-489', '-424'),
(813, 1, 1, 'Stafford', '-483', '-418'),
(814, 2, 1, 'Velazquez', '-422', ''),
(815, 1, 2, 'Koch', '-440', '-422'),
(816, 2, 2, 'Carey', '-492', '-456'),
(817, 1, 1, 'Hunter', '-424', '-416'),
(818, 2, 4, 'Haynes', '-498', '-421'),
(819, 2, 2, 'Kelley', '-402', '-400'),
(820, 4, 2, 'Gross', '-435', ''),
(821, 3, 3, 'Hess', '-443', '-400'),
(822, 2, 4, 'Mccall', '-432', '-413'),
(823, 1, 1, 'Willis', '-486', '-449'),
(824, 4, 1, 'Macdonald', '-454', '-418'),
(825, 4, 2, 'Cote', '-451', '-429'),
(826, 4, 1, 'Dunn', '-400', '-400'),
(827, 1, 1, 'Kane', '-413', '-408'),
(828, 4, 3, 'Bernard', '-454', '-416'),
(829, 4, 1, 'Cervantes', '-408', ''),
(830, 4, 3, 'Joyce', '-482', '-422'),
(831, 1, 2, 'Ross', '-469', '-461'),
(832, 3, 1, 'Townsend', '-406', '-404'),
(833, 2, 4, 'Wood', '-473', ''),
(834, 2, 2, 'Stevenson', '-496', '-435'),
(835, 2, 1, 'Lindsey', '-472', '-421'),
(836, 4, 2, 'Greer', '-415', '-407'),
(837, 2, 4, 'Bright', '-427', ''),
(838, 1, 3, 'Rodgers', '-494', '-414'),
(839, 2, 2, 'Rosario', '-477', '-452'),
(840, 2, 1, 'Bates', '-423', '-423'),
(841, 3, 4, 'Kennedy', '-486', ''),
(842, 1, 1, 'Cooke', '-462', '-434'),
(843, 4, 4, 'Robinson', '-426', '-400'),
(844, 4, 3, 'Graves', '-477', '-454'),
(845, 1, 3, 'Chavez', '-440', '-408'),
(846, 2, 3, 'Rocha', '-476', '-442'),
(847, 4, 3, 'Patel', '-489', '-427'),
(848, 2, 2, 'Beard', '-437', ''),
(849, 3, 2, 'Meyers', '-422', ''),
(850, 1, 3, 'Livingston', '-456', ''),
(851, 3, 2, 'Robins', '-452', '-442'),
(852, 4, 3, 'Bradley', '-411', ''),
(853, 1, 4, 'Small', '-426', '-413'),
(854, 2, 4, 'George', '-439', ''),
(855, 2, 4, 'Madden', '-473', '-407'),
(856, 1, 1, 'Mcknight', '-403', '-402'),
(857, 2, 3, 'Forbes', '-495', ''),
(858, 1, 4, 'Bartlett', '-454', '-453'),
(859, 3, 3, 'Buckley', '-473', '-417'),
(860, 2, 3, 'Stark', '-482', ''),
(861, 3, 4, 'Blackburn', '-446', '-445'),
(862, 4, 1, 'Henderson', '-415', ''),
(863, 4, 2, 'Nieves', '-495', ''),
(864, 4, 4, 'Shields', '-418', ''),
(865, 4, 3, 'Malone', '-483', ''),
(866, 4, 4, 'Steele', '-415', '-404'),
(867, 1, 2, 'Walters', '-435', ''),
(868, 3, 3, 'Fox', '-410', ''),
(869, 3, 4, 'Doyle', '-452', ''),
(870, 4, 3, 'Hicks', '-455', ''),
(871, 3, 4, 'Morin', '-429', ''),
(872, 3, 2, 'Marks', '-479', '-406'),
(873, 2, 2, 'Blackburn', '-474', ''),
(874, 2, 4, 'Maldonado', '-416', '-415'),
(875, 1, 2, 'Bowen', '-487', '-443'),
(876, 4, 3, 'Shelton', '-417', '-413'),
(877, 4, 1, 'Bray', '-415', ''),
(878, 2, 2, 'Hancock', '-497', '-492'),
(879, 3, 2, 'Mathis', '-437', '-400'),
(880, 4, 4, 'Norton', '-495', '-434'),
(881, 4, 2, 'Cameron', '-458', ''),
(882, 1, 3, 'Pruitt', '-460', '-439'),
(883, 3, 3, 'Bond', '-482', '-448'),
(884, 1, 3, 'Cash', '-445', '-412'),
(885, 2, 1, 'Jacobs', '-489', '-439'),
(886, 3, 2, 'Wilkerson', '-443', ''),
(887, 3, 4, 'Dorsey', '-475', '-415'),
(888, 1, 2, 'Reilly', '-492', '-466'),
(889, 3, 4, 'Elliott', '-418', ''),
(890, 3, 4, 'Ewing', '-453', '-438'),
(891, 3, 2, 'Shepherd', '-458', '-401'),
(892, 4, 3, 'Cline', '-495', '-492'),
(893, 1, 1, 'Blake', '-427', ''),
(894, 1, 4, 'Clayton', '-472', '-412'),
(895, 3, 3, 'Odom', '-429', '-428'),
(896, 4, 3, 'Harrell', '-496', '-430'),
(897, 4, 3, 'Rhodes', '-484', ''),
(898, 3, 4, 'Shaw', '-401', '-400'),
(899, 4, 3, 'Nieves', '-482', '-408'),
(900, 2, 1, 'Sosa', '-415', '-404'),
(901, 3, 1, 'Mckinney', '-416', ''),
(902, 4, 1, 'Talley', '-481', '-438'),
(903, 4, 3, 'Witt', '-486', ''),
(904, 3, 3, 'Puckett', '-451', '-449'),
(905, 1, 3, 'Kent', '-438', '-418'),
(906, 4, 2, 'Erickson', '-467', '-415'),
(907, 1, 3, 'Stafford', '-467', ''),
(908, 4, 4, 'Grimes', '-441', ''),
(909, 2, 3, 'Harding', '-478', ''),
(910, 1, 4, 'Maynard', '-435', ''),
(911, 2, 2, 'Kennedy', '-409', ''),
(912, 1, 4, 'Kent', '-433', ''),
(913, 3, 3, 'Bentley', '-473', ''),
(914, 2, 1, 'Grimes', '-499', ''),
(915, 3, 3, 'Hall', '-489', ''),
(916, 2, 1, 'Newman', '-481', '-453'),
(917, 2, 4, 'Malone', '-478', ''),
(918, 3, 4, 'Chase', '-471', ''),
(919, 2, 3, 'Merritt', '-457', '-438'),
(920, 3, 4, 'Hurst', '-456', ''),
(921, 1, 3, 'Wong', '-468', '-407'),
(922, 2, 3, 'Vinson', '-412', '-406'),
(923, 1, 1, 'Ferrell', '-466', '-457'),
(924, 1, 2, 'Shelton', '-474', ''),
(925, 3, 4, 'Avery', '-423', ''),
(926, 4, 2, 'Meadows', '-474', '-422'),
(927, 4, 2, 'Tyson', '-474', '-462'),
(928, 3, 4, 'Mclaughlin', '-483', '-404'),
(929, 1, 1, 'Montgomery', '-411', '-404'),
(930, 4, 3, 'Foley', '-488', '-433'),
(931, 3, 1, 'Watson', '-478', '-433'),
(932, 2, 4, 'Bean', '-481', ''),
(933, 1, 1, 'Bullock', '-442', '-413'),
(934, 4, 1, 'Garrett', '-430', ''),
(935, 2, 1, 'Owen', '-441', '-420'),
(936, 3, 4, 'Bowers', '-485', ''),
(937, 1, 4, 'Massey', '-493', '-404'),
(938, 1, 3, 'Best', '-427', '-404'),
(939, 4, 2, 'Park', '-447', '-426'),
(940, 4, 3, 'Patterson', '-489', ''),
(941, 2, 1, 'Workman', '-488', '-472'),
(942, 1, 2, 'Fowler', '-430', '-419'),
(943, 1, 2, 'Stanley', '-455', '-418'),
(944, 4, 3, 'Reid', '-410', '-401'),
(945, 3, 4, 'Conrad', '-456', ''),
(946, 2, 1, 'Flores', '-458', ''),
(947, 3, 2, 'Booth', '-479', '-477'),
(948, 4, 1, 'Valentine', '-419', '-412'),
(949, 4, 4, 'ChamBers', '-498', ''),
(950, 2, 2, 'Hooper', '-462', '-432'),
(951, 3, 3, 'Rhodes', '-495', '-491'),
(952, 4, 4, 'Moore', '-474', ''),
(953, 4, 4, 'Cannon', '-457', '-425'),
(954, 2, 4, 'Wise', '-499', '-418'),
(955, 3, 4, 'Terrell', '-472', ''),
(956, 3, 3, 'Dean', '-488', '-465'),
(957, 2, 3, 'Malone', '-499', '-450'),
(958, 3, 2, 'Fuller', '-427', ''),
(959, 1, 2, 'Potts', '-475', '-448'),
(960, 1, 2, 'Schwartz', '-455', '-442'),
(961, 4, 1, 'Valencia', '-496', ''),
(962, 3, 3, 'Gonzales', '-428', '-401'),
(963, 3, 3, 'Lloyd', '-426', '-424'),
(964, 1, 2, 'Whitley', '-463', '-459'),
(965, 3, 1, 'English', '-453', ''),
(966, 3, 4, 'Riggs', '-474', '-406'),
(967, 4, 1, 'Moore', '-492', '-430'),
(968, 4, 2, 'Hartman', '-471', ''),
(969, 4, 2, 'Sheppard', '-405', '-402'),
(970, 1, 4, 'Shields', '-495', ''),
(971, 1, 2, 'Joyner', '-494', '-464'),
(972, 1, 2, 'Glass', '-495', '-430'),
(973, 2, 3, 'Roman', '-475', '-464'),
(974, 4, 4, 'Roth', '-413', ''),
(975, 1, 4, 'Cash', '-443', ''),
(976, 1, 4, 'Riley', '-474', '-413'),
(977, 2, 3, 'Alston', '-408', ''),
(978, 4, 4, 'Waters', '-483', '-412'),
(979, 4, 3, 'Boone', '-489', '-427'),
(980, 2, 2, 'Mcguire', '-427', ''),
(981, 4, 3, 'Ferrell', '-464', '-438'),
(982, 1, 4, 'Roach', '-481', ''),
(983, 3, 3, 'Richmond', '-436', '-421'),
(984, 2, 3, 'Porter', '-484', '-434'),
(985, 2, 3, 'Pruitt', '-497', ''),
(986, 4, 1, 'Parsons', '-423', '-406'),
(987, 3, 2, 'Lane', '-421', '-401'),
(988, 3, 2, 'Cannon', '-425', '-417'),
(989, 3, 3, 'Wiley', '-440', ''),
(990, 3, 1, 'Benjamin', '-459', '-400'),
(991, 3, 3, 'Willis', '-439', ''),
(992, 2, 2, 'Olsen', '-449', '-411'),
(993, 2, 2, 'Copeland', '-473', ''),
(994, 2, 4, 'Simmons', '-497', '-412'),
(995, 1, 1, 'Frederick', '-423', ''),
(996, 3, 3, 'Coleman', '-460', '-454'),
(997, 1, 2, 'Frazier', '-465', '-403'),
(998, 1, 4, 'Manning', '-449', '-407'),
(999, 1, 4, 'Gomez', '-443', '');

-- --------------------------------------------------------

--
-- Structure de la table `statut`
--

CREATE TABLE `statut` (
  `id` int(11) NOT NULL,
  `nom` varchar(45) DEFAULT NULL,
  `armure_id` int(11) NOT NULL
) ENGINE=InnoDB DEFAULT CHARSET=utf8 COMMENT='Hoplites, Peltastes, Archers, Frondeurs, Cavalerie, Hamippoi, Esclaves, Musicien/. ';

--
-- Contenu de la table `statut`
--

INSERT INTO `statut` (`id`, `nom`, `armure_id`) VALUES
(1, 'Hoplite', 1),
(2, 'Peltaste', 3),
(3, 'Archer', 4),
(4, 'Frondeur', 9),
(5, 'Cavalier', 12),
(6, 'Hamippoi', 8),
(7, 'Esclave', 4),
(8, 'Musicien', 8);

-- --------------------------------------------------------

--
-- Structure de la table `stock`
--

CREATE TABLE `stock` (
  `id_cite` int(11) NOT NULL,
  `id_stockarmes` int(11) NOT NULL
) ENGINE=InnoDB DEFAULT CHARSET=utf8;

-- --------------------------------------------------------

--
-- Structure de la table `stock_armes`
--

CREATE TABLE `stock_armes` (
  `id_cite` int(11) NOT NULL,
  `id_armes` int(11) NOT NULL,
  `nb_armes` int(11) DEFAULT NULL
) ENGINE=InnoDB DEFAULT CHARSET=utf8;

--
-- Contenu de la table `stock_armes`
--

INSERT INTO `stock_armes` (`id_cite`, `id_armes`, `nb_armes`) VALUES
(1, 0, 150),
(1, 0, 200),
(1, 0, 250),
(1, 0, 200),
(1, 0, 150),
(1, 0, 250),
(1, 1, 135),
(1, 2, 102),
(1, 3, 162),
(1, 4, 126),
(1, 5, 122),
(1, 6, 127),
(2, 1, 78),
(2, 2, 167),
(2, 3, 66),
(2, 4, 113),
(2, 5, 149),
(2, 6, 80),
(3, 1, 184),
(3, 2, 199),
(3, 3, 151),
(3, 4, 117),
(3, 5, 92),
(3, 6, 137),
(4, 1, 107),
(4, 2, 172),
(4, 3, 172),
(4, 4, 137),
(4, 5, 56),
(4, 6, 88);

-- --------------------------------------------------------

--
-- Structure de la table `stock_armures`
--

CREATE TABLE `stock_armures` (
  `id_cite` int(11) NOT NULL,
  `id_armures` int(11) NOT NULL,
  `nb_armures` int(11) DEFAULT NULL
) ENGINE=InnoDB DEFAULT CHARSET=utf8;

--
-- Contenu de la table `stock_armures`
--

INSERT INTO `stock_armures` (`id_cite`, `id_armures`, `nb_armures`) VALUES
(1, 1, 158),
(1, 2, 61),
(1, 3, 189),
(1, 4, 162),
(1, 5, 141),
(1, 6, 143),
(1, 7, 96),
(1, 8, 106),
(1, 9, 121),
(1, 10, 192),
(1, 11, 70),
(1, 12, 110),
(1, 13, 170),
(2, 1, 54),
(2, 2, 85),
(2, 3, 188),
(2, 4, 196),
(2, 5, 185),
(2, 6, 155),
(2, 7, 101),
(2, 8, 109),
(2, 9, 182),
(2, 10, 73),
(2, 11, 67),
(2, 12, 83),
(2, 13, 158),
(3, 1, 183),
(3, 2, 109),
(3, 3, 125),
(3, 4, 155),
(3, 5, 89),
(3, 6, 122),
(3, 7, 198),
(3, 8, 181),
(3, 9, 94),
(3, 10, 158),
(3, 11, 104),
(3, 12, 151),
(3, 13, 106),
(4, 1, 109),
(4, 2, 133),
(4, 3, 177),
(4, 4, 50),
(4, 5, 191),
(4, 6, 78),
(4, 7, 149),
(4, 8, 62),
(4, 9, 89),
(4, 10, 133),
(4, 11, 90),
(4, 12, 53),
(4, 13, 158);

--
-- Index pour les tables exportées
--

--
-- Index pour la table `armes`
--
ALTER TABLE `armes`
  ADD PRIMARY KEY (`id`),
  ADD UNIQUE KEY `nom_UNIQUE` (`nom`);

--
-- Index pour la table `armure`
--
ALTER TABLE `armure`
  ADD PRIMARY KEY (`id`),
  ADD KEY `fk_armure_casque1_idx` (`casque_id`),
  ADD KEY `fk_armure_corp1_idx` (`corp_id`),
  ADD KEY `fk_armure_jambes1_idx` (`jambes_id`);

--
-- Index pour la table `bataille`
--
ALTER TABLE `bataille`
  ADD PRIMARY KEY (`id_bataille`),
  ADD KEY `campagne_idx` (`id_campagne`);

--
-- Index pour la table `bataillon`
--
ALTER TABLE `bataillon`
  ADD PRIMARY KEY (`id_bataillon`),
  ADD KEY `fk_bataille_idx` (`id_bataille`);

--
-- Index pour la table `campagne`
--
ALTER TABLE `campagne`
  ADD PRIMARY KEY (`id`);

--
-- Index pour la table `casque`
--
ALTER TABLE `casque`
  ADD PRIMARY KEY (`id`);

--
-- Index pour la table `cite`
--
ALTER TABLE `cite`
  ADD PRIMARY KEY (`id`);

--
-- Index pour la table `corps`
--
ALTER TABLE `corps`
  ADD PRIMARY KEY (`id`),
  ADD UNIQUE KEY `nom_UNIQUE` (`nom`);

--
-- Index pour la table `jambes`
--
ALTER TABLE `jambes`
  ADD PRIMARY KEY (`id`);

--
-- Index pour la table `lien_armes_statut`
--
ALTER TABLE `lien_armes_statut`
  ADD PRIMARY KEY (`armes_id`,`statut_id`),
  ADD KEY `fk_lien_armes_statut_armes1_idx` (`armes_id`),
  ADD KEY `fk_lien_armes_statut_statut1_idx` (`statut_id`);

--
-- Index pour la table `lien_cite_bataille`
--
ALTER TABLE `lien_cite_bataille`
  ADD PRIMARY KEY (`id_cite`,`id_battaillon`),
  ADD KEY `fk_cite_idx` (`id_cite`),
  ADD KEY `fk_bataillon_cite_idx` (`id_battaillon`);

--
-- Index pour la table `lien_corps_statut`
--
ALTER TABLE `lien_corps_statut`
  ADD PRIMARY KEY (`statut_id`,`corps_id`),
  ADD KEY `fk_lien_corps_statut_statut1_idx` (`statut_id`),
  ADD KEY `fk_lien_corps_statut_corps1_idx` (`corps_id`);

--
-- Index pour la table `lien_soldat_bataillon`
--
ALTER TABLE `lien_soldat_bataillon`
  ADD PRIMARY KEY (`id_bataillon`,`id_soldat`),
  ADD KEY `fk_soldat_bataillon` (`id_soldat`);

--
-- Index pour la table `lien_statut_role`
--
ALTER TABLE `lien_statut_role`
  ADD PRIMARY KEY (`role_id`,`statut_id`),
  ADD KEY `fk_lien_statut_role_role1_idx` (`role_id`),
  ADD KEY `fk_lien_statut_role_statut1_idx` (`statut_id`);

--
-- Index pour la table `milieu_corps`
--
ALTER TABLE `milieu_corps`
  ADD PRIMARY KEY (`id`);

--
-- Index pour la table `role`
--
ALTER TABLE `role`
  ADD PRIMARY KEY (`id`);

--
-- Index pour la table `soldat`
--
ALTER TABLE `soldat`
  ADD PRIMARY KEY (`id`),
  ADD KEY `fk_cite_idx` (`id_cite`),
  ADD KEY `fk_soldat_corps1_idx` (`corps_id`);

--
-- Index pour la table `statut`
--
ALTER TABLE `statut`
  ADD PRIMARY KEY (`id`),
  ADD KEY `fk_statut_armure1_idx` (`armure_id`);

--
-- Index pour la table `stock`
--
ALTER TABLE `stock`
  ADD PRIMARY KEY (`id_cite`,`id_stockarmes`);

--
-- Index pour la table `stock_armes`
--
ALTER TABLE `stock_armes`
  ADD KEY `fk_cite_armes` (`id_cite`);

--
-- Index pour la table `stock_armures`
--
ALTER TABLE `stock_armures`
  ADD KEY `fk_cite_armure` (`id_cite`);

--
-- AUTO_INCREMENT pour les tables exportées
--

--
-- AUTO_INCREMENT pour la table `armes`
--
ALTER TABLE `armes`
  MODIFY `id` int(11) NOT NULL AUTO_INCREMENT, AUTO_INCREMENT=7;
--
-- AUTO_INCREMENT pour la table `armure`
--
ALTER TABLE `armure`
  MODIFY `id` int(11) NOT NULL AUTO_INCREMENT, AUTO_INCREMENT=14;
--
-- AUTO_INCREMENT pour la table `bataille`
--
ALTER TABLE `bataille`
  MODIFY `id_bataille` int(11) NOT NULL AUTO_INCREMENT, AUTO_INCREMENT=58;
--
-- AUTO_INCREMENT pour la table `bataillon`
--
ALTER TABLE `bataillon`
  MODIFY `id_bataillon` int(11) NOT NULL AUTO_INCREMENT, AUTO_INCREMENT=610;
--
-- AUTO_INCREMENT pour la table `campagne`
--
ALTER TABLE `campagne`
  MODIFY `id` int(11) NOT NULL AUTO_INCREMENT, AUTO_INCREMENT=58;
--
-- AUTO_INCREMENT pour la table `casque`
--
ALTER TABLE `casque`
  MODIFY `id` int(11) NOT NULL AUTO_INCREMENT, AUTO_INCREMENT=16;
--
-- AUTO_INCREMENT pour la table `cite`
--
ALTER TABLE `cite`
  MODIFY `id` int(11) NOT NULL AUTO_INCREMENT, AUTO_INCREMENT=5;
--
-- AUTO_INCREMENT pour la table `corps`
--
ALTER TABLE `corps`
  MODIFY `id` int(11) NOT NULL AUTO_INCREMENT, AUTO_INCREMENT=5;
--
-- AUTO_INCREMENT pour la table `jambes`
--
ALTER TABLE `jambes`
  MODIFY `id` int(11) NOT NULL AUTO_INCREMENT, AUTO_INCREMENT=4;
--
-- AUTO_INCREMENT pour la table `milieu_corps`
--
ALTER TABLE `milieu_corps`
  MODIFY `id` int(11) NOT NULL AUTO_INCREMENT, AUTO_INCREMENT=5;
--
-- AUTO_INCREMENT pour la table `role`
--
ALTER TABLE `role`
  MODIFY `id` int(11) NOT NULL AUTO_INCREMENT, AUTO_INCREMENT=10;
--
-- AUTO_INCREMENT pour la table `soldat`
--
ALTER TABLE `soldat`
  MODIFY `id` int(11) NOT NULL AUTO_INCREMENT, AUTO_INCREMENT=1000;
--
-- AUTO_INCREMENT pour la table `statut`
--
ALTER TABLE `statut`
  MODIFY `id` int(11) NOT NULL AUTO_INCREMENT, AUTO_INCREMENT=9;
--
-- Contraintes pour les tables exportées
--

--
-- Contraintes pour la table `armure`
--
ALTER TABLE `armure`
  ADD CONSTRAINT `fk_armure_casque1` FOREIGN KEY (`casque_id`) REFERENCES `casque` (`id`) ON DELETE NO ACTION ON UPDATE NO ACTION,
  ADD CONSTRAINT `fk_armure_corp1` FOREIGN KEY (`corp_id`) REFERENCES `milieu_corps` (`id`) ON DELETE NO ACTION ON UPDATE NO ACTION,
  ADD CONSTRAINT `fk_armure_jambes1` FOREIGN KEY (`jambes_id`) REFERENCES `jambes` (`id`) ON DELETE NO ACTION ON UPDATE NO ACTION;

--
-- Contraintes pour la table `bataille`
--
ALTER TABLE `bataille`
  ADD CONSTRAINT `campagne` FOREIGN KEY (`id_campagne`) REFERENCES `campagne` (`id`) ON DELETE NO ACTION ON UPDATE NO ACTION;

--
-- Contraintes pour la table `bataillon`
--
ALTER TABLE `bataillon`
  ADD CONSTRAINT `fk_bataille` FOREIGN KEY (`id_bataille`) REFERENCES `bataille` (`id_bataille`) ON DELETE NO ACTION ON UPDATE NO ACTION;

--
-- Contraintes pour la table `lien_armes_statut`
--
ALTER TABLE `lien_armes_statut`
  ADD CONSTRAINT `fk_lien_armes_statut_armes1` FOREIGN KEY (`armes_id`) REFERENCES `armes` (`id`) ON DELETE NO ACTION ON UPDATE NO ACTION,
  ADD CONSTRAINT `fk_lien_armes_statut_statut1` FOREIGN KEY (`statut_id`) REFERENCES `statut` (`id`) ON DELETE NO ACTION ON UPDATE NO ACTION;

--
-- Contraintes pour la table `lien_cite_bataille`
--
ALTER TABLE `lien_cite_bataille`
  ADD CONSTRAINT `fk_bataillon_cite` FOREIGN KEY (`id_battaillon`) REFERENCES `bataillon` (`id_bataillon`) ON DELETE NO ACTION ON UPDATE NO ACTION,
  ADD CONSTRAINT `fk_cite_battaillon` FOREIGN KEY (`id_cite`) REFERENCES `cite` (`id`) ON DELETE NO ACTION ON UPDATE NO ACTION;

--
-- Contraintes pour la table `lien_corps_statut`
--
ALTER TABLE `lien_corps_statut`
  ADD CONSTRAINT `fk_lien_corps_statut_corps1` FOREIGN KEY (`corps_id`) REFERENCES `corps` (`id`) ON DELETE NO ACTION ON UPDATE NO ACTION,
  ADD CONSTRAINT `fk_lien_corps_statut_statut1` FOREIGN KEY (`statut_id`) REFERENCES `statut` (`id`) ON DELETE NO ACTION ON UPDATE NO ACTION;

--
-- Contraintes pour la table `lien_soldat_bataillon`
--
ALTER TABLE `lien_soldat_bataillon`
  ADD CONSTRAINT `fk_bataillon_soldat` FOREIGN KEY (`id_bataillon`) REFERENCES `bataillon` (`id_bataillon`) ON DELETE NO ACTION ON UPDATE NO ACTION,
  ADD CONSTRAINT `fk_soldat_bataillon` FOREIGN KEY (`id_soldat`) REFERENCES `soldat` (`id`) ON DELETE NO ACTION ON UPDATE NO ACTION;

--
-- Contraintes pour la table `lien_statut_role`
--
ALTER TABLE `lien_statut_role`
  ADD CONSTRAINT `fk_lien_statut_role_role1` FOREIGN KEY (`role_id`) REFERENCES `role` (`id`) ON DELETE NO ACTION ON UPDATE NO ACTION,
  ADD CONSTRAINT `fk_lien_statut_role_statut1` FOREIGN KEY (`statut_id`) REFERENCES `statut` (`id`) ON DELETE NO ACTION ON UPDATE NO ACTION;

--
-- Contraintes pour la table `soldat`
--
ALTER TABLE `soldat`
  ADD CONSTRAINT `fk_cite` FOREIGN KEY (`id_cite`) REFERENCES `cite` (`id`) ON DELETE NO ACTION ON UPDATE NO ACTION,
  ADD CONSTRAINT `fk_soldat_corps1` FOREIGN KEY (`corps_id`) REFERENCES `corps` (`id`) ON DELETE NO ACTION ON UPDATE NO ACTION;

--
-- Contraintes pour la table `statut`
--
ALTER TABLE `statut`
  ADD CONSTRAINT `fk_statut_armure1` FOREIGN KEY (`armure_id`) REFERENCES `armure` (`id`) ON DELETE NO ACTION ON UPDATE NO ACTION;

--
-- Contraintes pour la table `stock_armes`
--
ALTER TABLE `stock_armes`
  ADD CONSTRAINT `fk_cite_armes` FOREIGN KEY (`id_cite`) REFERENCES `cite` (`id`) ON DELETE NO ACTION ON UPDATE NO ACTION;

--
-- Contraintes pour la table `stock_armures`
--
ALTER TABLE `stock_armures`
  ADD CONSTRAINT `fk_cite_armure` FOREIGN KEY (`id_cite`) REFERENCES `cite` (`id`) ON DELETE NO ACTION ON UPDATE NO ACTION;

/*!40101 SET CHARACTER_SET_CLIENT=@OLD_CHARACTER_SET_CLIENT */;
/*!40101 SET CHARACTER_SET_RESULTS=@OLD_CHARACTER_SET_RESULTS */;
/*!40101 SET COLLATION_CONNECTION=@OLD_COLLATION_CONNECTION */;
